2026-01-11T18:39:08.521+07:00  INFO 24912 --- [           main]  c.i.m.l.LoyalityManagementApplication    : [] [] [] [] [] [] [] Starting LoyalityManagementApplication using Java 21.0.9 with PID 24912 (D:\FOLDER\Work\LINTASARTA\Project\Indosat\GIT-microservices-new\loyality-management\target\classes started by WAHANA 25 in D:\FOLDER\Work\LINTASARTA\Project\Indosat\GIT-microservices-new\loyality-management)
2026-01-11T18:39:08.532+07:00  INFO 24912 --- [           main]  c.i.m.l.LoyalityManagementApplication    : [] [] [] [] [] [] [] No active profile set, falling back to 1 default profile: "default"
2026-01-11T18:39:10.945+07:00  INFO 24912 --- [           main]  .s.d.r.c.RepositoryConfigurationDelegate : [] [] [] [] [] [] [] Bootstrapping Spring Data JPA repositories in DEFAULT mode.
2026-01-11T18:39:11.099+07:00  INFO 24912 --- [           main]  .s.d.r.c.RepositoryConfigurationDelegate : [] [] [] [] [] [] [] Finished Spring Data repository scanning in 113 ms. Found 1 JPA repository interface.
2026-01-11T18:39:12.341+07:00  INFO 24912 --- [           main]  o.s.boot.tomcat.TomcatWebServer          : [] [] [] [] [] [] [] Tomcat initialized with port 8080 (http)
2026-01-11T18:39:12.369+07:00  INFO 24912 --- [           main]  o.apache.catalina.core.StandardService   : [] [] [] [] [] [] [] Starting service [Tomcat]
2026-01-11T18:39:12.370+07:00  INFO 24912 --- [           main]  o.apache.catalina.core.StandardEngine    : [] [] [] [] [] [] [] Starting Servlet engine: [Apache Tomcat/11.0.14]
2026-01-11T18:39:12.493+07:00  INFO 24912 --- [           main]  b.w.c.s.WebApplicationContextInitializer : [] [] [] [] [] [] [] Root WebApplicationContext: initialization completed in 3813 ms
2026-01-11T18:39:13.311+07:00  INFO 24912 --- [           main]  o.hibernate.jpa.internal.util.LogHelper  : [] [] [] [] [] [] [] HHH000204: Processing PersistenceUnitInfo [name: default]
2026-01-11T18:39:13.448+07:00  INFO 24912 --- [           main]  org.hibernate.Version                    : [] [] [] [] [] [] [] HHH000412: Hibernate ORM core version 7.1.8.Final
2026-01-11T18:39:14.448+07:00  INFO 24912 --- [           main]  o.s.o.j.p.SpringPersistenceUnitInfo      : [] [] [] [] [] [] [] No LoadTimeWeaver setup: ignoring JPA class transformer
2026-01-11T18:39:14.501+07:00  INFO 24912 --- [           main]  com.zaxxer.hikari.HikariDataSource       : [] [] [] [] [] [] [] LoyalityManagement-HikariCP - Starting...
2026-01-11T18:39:17.161+07:00  INFO 24912 --- [           main]  com.zaxxer.hikari.pool.HikariPool        : [] [] [] [] [] [] [] LoyalityManagement-HikariCP - Added connection oracle.jdbc.driver.T4CConnection@5870fc05
2026-01-11T18:39:17.165+07:00  INFO 24912 --- [           main]  com.zaxxer.hikari.HikariDataSource       : [] [] [] [] [] [] [] LoyalityManagement-HikariCP - Start completed.
2026-01-11T18:39:17.519+07:00  WARN 24912 --- [           main]  org.hibernate.dialect.Dialect            : [] [] [] [] [] [] [] HHH000511: The 12.1.0 version for [org.hibernate.dialect.OracleDialect] is no longer supported, hence certain features may not work properly. The minimum supported version is 19.0.0. Check the community dialects project for available legacy versions.
2026-01-11T18:39:17.780+07:00  WARN 24912 --- [           main]  org.hibernate.orm.jdbc                   : [] [] [] [] [] [] [] HHH100123: Low default JDBC fetch size: 10 (consider setting 'hibernate.jdbc.fetch_size')
2026-01-11T18:39:17.785+07:00  INFO 24912 --- [           main]  org.hibernate.orm.connections.pooling    : [] [] [] [] [] [] [] HHH10001005: Database info:
	Database JDBC URL [jdbc:oracle:thin:@//10.147.114.11:1521/NGSSPUAT]
	Database driver: Oracle JDBC driver
	Database dialect: OracleDialect
	Database version: 12.1
	Default catalog/schema: undefined/SSP
	Autocommit mode: undefined/unknown
	Isolation level: READ_COMMITTED [default READ_COMMITTED]
	JDBC fetch size: 10
	Pool: DatasourceConnectionProviderImpl
	Minimum pool size: undefined/unknown
	Maximum pool size: undefined/unknown
2026-01-11T18:39:18.655+07:00  INFO 24912 --- [           main]  o.h.e.t.j.p.i.JtaPlatformInitiator       : [] [] [] [] [] [] [] HHH000489: No JTA platform available (set 'hibernate.transaction.jta.platform' to enable JTA platform integration)
2026-01-11T18:39:18.664+07:00  INFO 24912 --- [           main]  j.LocalContainerEntityManagerFactoryBean : [] [] [] [] [] [] [] Initialized JPA EntityManagerFactory for persistence unit 'default'
2026-01-11T18:39:18.821+07:00  INFO 24912 --- [           main]  o.s.d.j.r.query.QueryEnhancerFactories   : [] [] [] [] [] [] [] Hibernate is in classpath; If applicable, HQL parser will be used.
2026-01-11T18:39:19.622+07:00  WARN 24912 --- [           main]  JpaBaseConfiguration$JpaWebConfiguration : [] [] [] [] [] [] [] spring.jpa.open-in-view is enabled by default. Therefore, database queries may be performed during view rendering. Explicitly configure spring.jpa.open-in-view to disable this warning
2026-01-11T18:39:20.054+07:00  INFO 24912 --- [           main]  r$InitializeUserDetailsManagerConfigurer : [] [] [] [] [] [] [] Global AuthenticationManager configured with UserDetailsService bean with name userDetailsService
2026-01-11T18:39:21.561+07:00  INFO 24912 --- [           main]  o.s.b.a.e.web.EndpointLinksResolver      : [] [] [] [] [] [] [] Exposing 3 endpoints beneath base path '/actuator'
2026-01-11T18:39:21.755+07:00  INFO 24912 --- [           main]  o.s.boot.tomcat.TomcatWebServer          : [] [] [] [] [] [] [] Tomcat started on port 8080 (http) with context path '/'
2026-01-11T18:39:21.774+07:00  INFO 24912 --- [           main]  c.i.m.l.LoyalityManagementApplication    : [] [] [] [] [] [] [] Started LoyalityManagementApplication in 14.167 seconds (process running for 15.607)
2026-01-11T18:39:24.453+07:00  INFO 24912 --- [ionShutdownHook]  o.s.boot.tomcat.GracefulShutdown         : [] [] [] [] [] [] [] Commencing graceful shutdown. Waiting for active requests to complete
2026-01-11T18:39:24.469+07:00  INFO 24912 --- [tomcat-shutdown]  o.s.boot.tomcat.GracefulShutdown         : [] [] [] [] [] [] [] Graceful shutdown complete
2026-01-11T18:39:24.474+07:00  INFO 24912 --- [ionShutdownHook]  j.LocalContainerEntityManagerFactoryBean : [] [] [] [] [] [] [] Closing JPA EntityManagerFactory for persistence unit 'default'
2026-01-11T18:39:24.476+07:00  INFO 24912 --- [ionShutdownHook]  com.zaxxer.hikari.HikariDataSource       : [] [] [] [] [] [] [] LoyalityManagement-HikariCP - Shutdown initiated...
2026-01-11T18:39:24.739+07:00  INFO 24912 --- [ionShutdownHook]  com.zaxxer.hikari.HikariDataSource       : [] [] [] [] [] [] [] LoyalityManagement-HikariCP - Shutdown completed.
2026-01-11T23:41:11.563+07:00  INFO 25788 --- [           main]  c.i.m.l.LoyalityManagementApplication    : [] [] [] [] [] [] [] Starting LoyalityManagementApplication using Java 21.0.9 with PID 25788 (D:\FOLDER\Work\LINTASARTA\Project\Indosat\GIT-microservices-new\loyality-management\target\classes started by WAHANA 25 in D:\FOLDER\Work\LINTASARTA\Project\Indosat\GIT-microservices-new\loyality-management)
2026-01-11T23:41:11.570+07:00  INFO 25788 --- [           main]  c.i.m.l.LoyalityManagementApplication    : [] [] [] [] [] [] [] No active profile set, falling back to 1 default profile: "default"
2026-01-11T23:41:12.825+07:00  INFO 25788 --- [           main]  .s.d.r.c.RepositoryConfigurationDelegate : [] [] [] [] [] [] [] Bootstrapping Spring Data JPA repositories in DEFAULT mode.
2026-01-11T23:41:12.904+07:00  INFO 25788 --- [           main]  .s.d.r.c.RepositoryConfigurationDelegate : [] [] [] [] [] [] [] Finished Spring Data repository scanning in 62 ms. Found 1 JPA repository interface.
2026-01-11T23:41:13.839+07:00  INFO 25788 --- [           main]  o.s.boot.tomcat.TomcatWebServer          : [] [] [] [] [] [] [] Tomcat initialized with port 8080 (http)
2026-01-11T23:41:13.839+07:00  INFO 25788 --- [           main]  o.apache.catalina.core.StandardService   : [] [] [] [] [] [] [] Starting service [Tomcat]
2026-01-11T23:41:13.839+07:00  INFO 25788 --- [           main]  o.apache.catalina.core.StandardEngine    : [] [] [] [] [] [] [] Starting Servlet engine: [Apache Tomcat/11.0.14]
2026-01-11T23:41:13.982+07:00  INFO 25788 --- [           main]  b.w.c.s.WebApplicationContextInitializer : [] [] [] [] [] [] [] Root WebApplicationContext: initialization completed in 2356 ms
2026-01-11T23:41:15.041+07:00  INFO 25788 --- [           main]  o.hibernate.jpa.internal.util.LogHelper  : [] [] [] [] [] [] [] HHH000204: Processing PersistenceUnitInfo [name: default]
2026-01-11T23:41:15.112+07:00  INFO 25788 --- [           main]  org.hibernate.Version                    : [] [] [] [] [] [] [] HHH000412: Hibernate ORM core version 7.1.8.Final
2026-01-11T23:41:15.734+07:00  INFO 25788 --- [           main]  o.s.o.j.p.SpringPersistenceUnitInfo      : [] [] [] [] [] [] [] No LoadTimeWeaver setup: ignoring JPA class transformer
2026-01-11T23:41:15.796+07:00  INFO 25788 --- [           main]  com.zaxxer.hikari.HikariDataSource       : [] [] [] [] [] [] [] LoyalityManagement-HikariCP - Starting...
2026-01-11T23:41:16.553+07:00  INFO 25788 --- [           main]  com.zaxxer.hikari.pool.HikariPool        : [] [] [] [] [] [] [] LoyalityManagement-HikariCP - Added connection oracle.jdbc.driver.T4CConnection@6d0a4a22
2026-01-11T23:41:16.557+07:00  INFO 25788 --- [           main]  com.zaxxer.hikari.HikariDataSource       : [] [] [] [] [] [] [] LoyalityManagement-HikariCP - Start completed.
2026-01-11T23:41:16.857+07:00  WARN 25788 --- [           main]  org.hibernate.dialect.Dialect            : [] [] [] [] [] [] [] HHH000511: The 12.1.0 version for [org.hibernate.dialect.OracleDialect] is no longer supported, hence certain features may not work properly. The minimum supported version is 19.0.0. Check the community dialects project for available legacy versions.
2026-01-11T23:41:17.057+07:00  WARN 25788 --- [           main]  org.hibernate.orm.jdbc                   : [] [] [] [] [] [] [] HHH100123: Low default JDBC fetch size: 10 (consider setting 'hibernate.jdbc.fetch_size')
2026-01-11T23:41:17.062+07:00  INFO 25788 --- [           main]  org.hibernate.orm.connections.pooling    : [] [] [] [] [] [] [] HHH10001005: Database info:
	Database JDBC URL [jdbc:oracle:thin:@//10.147.114.11:1521/NGSSPUAT]
	Database driver: Oracle JDBC driver
	Database dialect: OracleDialect
	Database version: 12.1
	Default catalog/schema: undefined/SSP
	Autocommit mode: undefined/unknown
	Isolation level: READ_COMMITTED [default READ_COMMITTED]
	JDBC fetch size: 10
	Pool: DatasourceConnectionProviderImpl
	Minimum pool size: undefined/unknown
	Maximum pool size: undefined/unknown
2026-01-11T23:41:17.702+07:00  INFO 25788 --- [           main]  o.h.e.t.j.p.i.JtaPlatformInitiator       : [] [] [] [] [] [] [] HHH000489: No JTA platform available (set 'hibernate.transaction.jta.platform' to enable JTA platform integration)
2026-01-11T23:41:17.711+07:00  INFO 25788 --- [           main]  j.LocalContainerEntityManagerFactoryBean : [] [] [] [] [] [] [] Initialized JPA EntityManagerFactory for persistence unit 'default'
2026-01-11T23:41:17.807+07:00  INFO 25788 --- [           main]  o.s.d.j.r.query.QueryEnhancerFactories   : [] [] [] [] [] [] [] Hibernate is in classpath; If applicable, HQL parser will be used.
2026-01-11T23:41:18.256+07:00  WARN 25788 --- [           main]  JpaBaseConfiguration$JpaWebConfiguration : [] [] [] [] [] [] [] spring.jpa.open-in-view is enabled by default. Therefore, database queries may be performed during view rendering. Explicitly configure spring.jpa.open-in-view to disable this warning
2026-01-11T23:41:18.464+07:00  INFO 25788 --- [           main]  r$InitializeUserDetailsManagerConfigurer : [] [] [] [] [] [] [] Global AuthenticationManager configured with UserDetailsService bean with name userDetailsService
2026-01-11T23:41:19.195+07:00  INFO 25788 --- [           main]  o.s.b.a.e.web.EndpointLinksResolver      : [] [] [] [] [] [] [] Exposing 3 endpoints beneath base path '/actuator'
2026-01-11T23:41:19.268+07:00  INFO 25788 --- [           main]  o.s.boot.tomcat.TomcatWebServer          : [] [] [] [] [] [] [] Tomcat started on port 8080 (http) with context path '/'
2026-01-11T23:41:19.277+07:00  INFO 25788 --- [           main]  c.i.m.l.LoyalityManagementApplication    : [] [] [] [] [] [] [] Started LoyalityManagementApplication in 8.099 seconds (process running for 8.803)
2026-01-11T23:41:24.475+07:00  INFO 25788 --- [ionShutdownHook]  o.s.boot.tomcat.GracefulShutdown         : [] [] [] [] [] [] [] Commencing graceful shutdown. Waiting for active requests to complete
2026-01-11T23:41:24.484+07:00  INFO 25788 --- [tomcat-shutdown]  o.s.boot.tomcat.GracefulShutdown         : [] [] [] [] [] [] [] Graceful shutdown complete
2026-01-11T23:41:24.488+07:00  INFO 25788 --- [ionShutdownHook]  j.LocalContainerEntityManagerFactoryBean : [] [] [] [] [] [] [] Closing JPA EntityManagerFactory for persistence unit 'default'
2026-01-11T23:41:24.490+07:00  INFO 25788 --- [ionShutdownHook]  com.zaxxer.hikari.HikariDataSource       : [] [] [] [] [] [] [] LoyalityManagement-HikariCP - Shutdown initiated...
2026-01-11T23:41:24.776+07:00  INFO 25788 --- [ionShutdownHook]  com.zaxxer.hikari.HikariDataSource       : [] [] [] [] [] [] [] LoyalityManagement-HikariCP - Shutdown completed.
2026-01-12T18:02:53.914+07:00  INFO 23780 --- [           main]  c.i.m.l.LoyalityManagementApplication    : [] [] [] [] [] [] [] Starting LoyalityManagementApplication using Java 21.0.9 with PID 23780 (D:\FOLDER\Work\LINTASARTA\Project\Indosat\GIT-microservices-new\loyality-management\target\classes started by WAHANA 25 in D:\FOLDER\Work\LINTASARTA\Project\Indosat\GIT-microservices-new\loyality-management)
2026-01-12T18:02:53.920+07:00  INFO 23780 --- [           main]  c.i.m.l.LoyalityManagementApplication    : [] [] [] [] [] [] [] No active profile set, falling back to 1 default profile: "default"
2026-01-12T18:02:55.081+07:00  INFO 23780 --- [           main]  .s.d.r.c.RepositoryConfigurationDelegate : [] [] [] [] [] [] [] Bootstrapping Spring Data JPA repositories in DEFAULT mode.
2026-01-12T18:02:55.146+07:00  INFO 23780 --- [           main]  .s.d.r.c.RepositoryConfigurationDelegate : [] [] [] [] [] [] [] Finished Spring Data repository scanning in 57 ms. Found 1 JPA repository interface.
2026-01-12T18:02:55.817+07:00  INFO 23780 --- [           main]  o.s.boot.tomcat.TomcatWebServer          : [] [] [] [] [] [] [] Tomcat initialized with port 8080 (http)
2026-01-12T18:02:55.817+07:00  INFO 23780 --- [           main]  o.apache.catalina.core.StandardService   : [] [] [] [] [] [] [] Starting service [Tomcat]
2026-01-12T18:02:55.817+07:00  INFO 23780 --- [           main]  o.apache.catalina.core.StandardEngine    : [] [] [] [] [] [] [] Starting Servlet engine: [Apache Tomcat/11.0.14]
2026-01-12T18:02:55.894+07:00  INFO 23780 --- [           main]  b.w.c.s.WebApplicationContextInitializer : [] [] [] [] [] [] [] Root WebApplicationContext: initialization completed in 1918 ms
2026-01-12T18:02:56.371+07:00  INFO 23780 --- [           main]  o.hibernate.jpa.internal.util.LogHelper  : [] [] [] [] [] [] [] HHH000204: Processing PersistenceUnitInfo [name: default]
2026-01-12T18:02:56.418+07:00  INFO 23780 --- [           main]  org.hibernate.Version                    : [] [] [] [] [] [] [] HHH000412: Hibernate ORM core version 7.1.8.Final
2026-01-12T18:02:56.830+07:00  INFO 23780 --- [           main]  o.s.o.j.p.SpringPersistenceUnitInfo      : [] [] [] [] [] [] [] No LoadTimeWeaver setup: ignoring JPA class transformer
2026-01-12T18:02:56.864+07:00  INFO 23780 --- [           main]  com.zaxxer.hikari.HikariDataSource       : [] [] [] [] [] [] [] LoyalityManagement-HikariCP - Starting...
2026-01-12T18:02:58.949+07:00  INFO 23780 --- [           main]  com.zaxxer.hikari.pool.HikariPool        : [] [] [] [] [] [] [] LoyalityManagement-HikariCP - Added connection oracle.jdbc.driver.T4CConnection@da67c46
2026-01-12T18:02:58.950+07:00  INFO 23780 --- [           main]  com.zaxxer.hikari.HikariDataSource       : [] [] [] [] [] [] [] LoyalityManagement-HikariCP - Start completed.
2026-01-12T18:02:59.725+07:00  WARN 23780 --- [           main]  org.hibernate.dialect.Dialect            : [] [] [] [] [] [] [] HHH000511: The 12.1.0 version for [org.hibernate.dialect.OracleDialect] is no longer supported, hence certain features may not work properly. The minimum supported version is 19.0.0. Check the community dialects project for available legacy versions.
2026-01-12T18:02:59.899+07:00  WARN 23780 --- [           main]  org.hibernate.orm.jdbc                   : [] [] [] [] [] [] [] HHH100123: Low default JDBC fetch size: 10 (consider setting 'hibernate.jdbc.fetch_size')
2026-01-12T18:02:59.905+07:00  INFO 23780 --- [           main]  org.hibernate.orm.connections.pooling    : [] [] [] [] [] [] [] HHH10001005: Database info:
	Database JDBC URL [jdbc:oracle:thin:@//10.147.114.11:1521/NGSSPUAT]
	Database driver: Oracle JDBC driver
	Database dialect: OracleDialect
	Database version: 12.1
	Default catalog/schema: undefined/SSP
	Autocommit mode: undefined/unknown
	Isolation level: READ_COMMITTED [default READ_COMMITTED]
	JDBC fetch size: 10
	Pool: DatasourceConnectionProviderImpl
	Minimum pool size: undefined/unknown
	Maximum pool size: undefined/unknown
2026-01-12T18:03:00.548+07:00  INFO 23780 --- [           main]  o.h.e.t.j.p.i.JtaPlatformInitiator       : [] [] [] [] [] [] [] HHH000489: No JTA platform available (set 'hibernate.transaction.jta.platform' to enable JTA platform integration)
2026-01-12T18:03:00.553+07:00  INFO 23780 --- [           main]  j.LocalContainerEntityManagerFactoryBean : [] [] [] [] [] [] [] Initialized JPA EntityManagerFactory for persistence unit 'default'
2026-01-12T18:03:00.649+07:00  INFO 23780 --- [           main]  o.s.d.j.r.query.QueryEnhancerFactories   : [] [] [] [] [] [] [] Hibernate is in classpath; If applicable, HQL parser will be used.
2026-01-12T18:03:01.066+07:00  WARN 23780 --- [           main]  JpaBaseConfiguration$JpaWebConfiguration : [] [] [] [] [] [] [] spring.jpa.open-in-view is enabled by default. Therefore, database queries may be performed during view rendering. Explicitly configure spring.jpa.open-in-view to disable this warning
2026-01-12T18:03:01.247+07:00  INFO 23780 --- [           main]  r$InitializeUserDetailsManagerConfigurer : [] [] [] [] [] [] [] Global AuthenticationManager configured with UserDetailsService bean with name userDetailsService
2026-01-12T18:03:01.903+07:00  INFO 23780 --- [           main]  o.s.b.a.e.web.EndpointLinksResolver      : [] [] [] [] [] [] [] Exposing 3 endpoints beneath base path '/actuator'
2026-01-12T18:03:01.990+07:00  INFO 23780 --- [           main]  o.s.boot.tomcat.TomcatWebServer          : [] [] [] [] [] [] [] Tomcat started on port 8080 (http) with context path '/'
2026-01-12T18:03:01.998+07:00  INFO 23780 --- [           main]  c.i.m.l.LoyalityManagementApplication    : [] [] [] [] [] [] [] Started LoyalityManagementApplication in 8.544 seconds (process running for 9.263)
2026-01-12T18:03:45.733+07:00  INFO 23780 --- [ionShutdownHook]  o.s.boot.tomcat.GracefulShutdown         : [] [] [] [] [] [] [] Commencing graceful shutdown. Waiting for active requests to complete
2026-01-12T18:03:45.750+07:00  INFO 23780 --- [tomcat-shutdown]  o.s.boot.tomcat.GracefulShutdown         : [] [] [] [] [] [] [] Graceful shutdown complete
2026-01-12T18:03:45.754+07:00  INFO 23780 --- [ionShutdownHook]  j.LocalContainerEntityManagerFactoryBean : [] [] [] [] [] [] [] Closing JPA EntityManagerFactory for persistence unit 'default'
2026-01-12T18:03:45.756+07:00  INFO 23780 --- [ionShutdownHook]  com.zaxxer.hikari.HikariDataSource       : [] [] [] [] [] [] [] LoyalityManagement-HikariCP - Shutdown initiated...
2026-01-12T18:03:46.234+07:00  INFO 23780 --- [ionShutdownHook]  com.zaxxer.hikari.HikariDataSource       : [] [] [] [] [] [] [] LoyalityManagement-HikariCP - Shutdown completed.
2026-01-12T21:00:56.688+07:00  INFO 24496 --- [           main]  c.i.m.l.LoyalityManagementApplication    : [] [] [] [] [] [] [] Starting LoyalityManagementApplication using Java 21.0.9 with PID 24496 (D:\FOLDER\Work\LINTASARTA\Project\Indosat\GIT-microservices-new\loyality-management\target\classes started by WAHANA 25 in D:\FOLDER\Work\LINTASARTA\Project\Indosat\GIT-microservices-new\loyality-management)
2026-01-12T21:00:56.688+07:00  INFO 24496 --- [           main]  c.i.m.l.LoyalityManagementApplication    : [] [] [] [] [] [] [] No active profile set, falling back to 1 default profile: "default"
2026-01-12T21:00:58.682+07:00  INFO 24496 --- [           main]  .s.d.r.c.RepositoryConfigurationDelegate : [] [] [] [] [] [] [] Bootstrapping Spring Data JPA repositories in DEFAULT mode.
2026-01-12T21:00:58.779+07:00  INFO 24496 --- [           main]  .s.d.r.c.RepositoryConfigurationDelegate : [] [] [] [] [] [] [] Finished Spring Data repository scanning in 64 ms. Found 1 JPA repository interface.
2026-01-12T21:00:59.819+07:00  INFO 24496 --- [           main]  o.s.boot.tomcat.TomcatWebServer          : [] [] [] [] [] [] [] Tomcat initialized with port 8080 (http)
2026-01-12T21:00:59.830+07:00  INFO 24496 --- [           main]  o.apache.catalina.core.StandardService   : [] [] [] [] [] [] [] Starting service [Tomcat]
2026-01-12T21:00:59.835+07:00  INFO 24496 --- [           main]  o.apache.catalina.core.StandardEngine    : [] [] [] [] [] [] [] Starting Servlet engine: [Apache Tomcat/11.0.14]
2026-01-12T21:00:59.919+07:00  INFO 24496 --- [           main]  b.w.c.s.WebApplicationContextInitializer : [] [] [] [] [] [] [] Root WebApplicationContext: initialization completed in 3109 ms
2026-01-12T21:01:00.566+07:00  INFO 24496 --- [           main]  o.hibernate.jpa.internal.util.LogHelper  : [] [] [] [] [] [] [] HHH000204: Processing PersistenceUnitInfo [name: default]
2026-01-12T21:01:00.641+07:00  INFO 24496 --- [           main]  org.hibernate.Version                    : [] [] [] [] [] [] [] HHH000412: Hibernate ORM core version 7.1.8.Final
2026-01-12T21:01:01.088+07:00  INFO 24496 --- [           main]  o.s.o.j.p.SpringPersistenceUnitInfo      : [] [] [] [] [] [] [] No LoadTimeWeaver setup: ignoring JPA class transformer
2026-01-12T21:01:01.120+07:00  INFO 24496 --- [           main]  com.zaxxer.hikari.HikariDataSource       : [] [] [] [] [] [] [] LoyalityManagement-HikariCP - Starting...
2026-01-12T21:01:05.467+07:00  INFO 24496 --- [           main]  com.zaxxer.hikari.pool.HikariPool        : [] [] [] [] [] [] [] LoyalityManagement-HikariCP - Added connection oracle.jdbc.driver.T4CConnection@22846a1d
2026-01-12T21:01:05.467+07:00  INFO 24496 --- [           main]  com.zaxxer.hikari.HikariDataSource       : [] [] [] [] [] [] [] LoyalityManagement-HikariCP - Start completed.
2026-01-12T21:01:05.802+07:00  WARN 24496 --- [           main]  org.hibernate.dialect.Dialect            : [] [] [] [] [] [] [] HHH000511: The 12.1.0 version for [org.hibernate.dialect.OracleDialect] is no longer supported, hence certain features may not work properly. The minimum supported version is 19.0.0. Check the community dialects project for available legacy versions.
2026-01-12T21:01:06.413+07:00  WARN 24496 --- [           main]  org.hibernate.orm.jdbc                   : [] [] [] [] [] [] [] HHH100123: Low default JDBC fetch size: 10 (consider setting 'hibernate.jdbc.fetch_size')
2026-01-12T21:01:06.413+07:00  INFO 24496 --- [           main]  org.hibernate.orm.connections.pooling    : [] [] [] [] [] [] [] HHH10001005: Database info:
	Database JDBC URL [jdbc:oracle:thin:@//10.147.114.11:1521/NGSSPUAT]
	Database driver: Oracle JDBC driver
	Database dialect: OracleDialect
	Database version: 12.1
	Default catalog/schema: undefined/SSP
	Autocommit mode: undefined/unknown
	Isolation level: READ_COMMITTED [default READ_COMMITTED]
	JDBC fetch size: 10
	Pool: DatasourceConnectionProviderImpl
	Minimum pool size: undefined/unknown
	Maximum pool size: undefined/unknown
2026-01-12T21:01:07.137+07:00  INFO 24496 --- [           main]  o.h.e.t.j.p.i.JtaPlatformInitiator       : [] [] [] [] [] [] [] HHH000489: No JTA platform available (set 'hibernate.transaction.jta.platform' to enable JTA platform integration)
2026-01-12T21:01:07.144+07:00  INFO 24496 --- [           main]  j.LocalContainerEntityManagerFactoryBean : [] [] [] [] [] [] [] Initialized JPA EntityManagerFactory for persistence unit 'default'
2026-01-12T21:01:07.262+07:00  INFO 24496 --- [           main]  o.s.d.j.r.query.QueryEnhancerFactories   : [] [] [] [] [] [] [] Hibernate is in classpath; If applicable, HQL parser will be used.
2026-01-12T21:01:07.791+07:00  WARN 24496 --- [           main]  JpaBaseConfiguration$JpaWebConfiguration : [] [] [] [] [] [] [] spring.jpa.open-in-view is enabled by default. Therefore, database queries may be performed during view rendering. Explicitly configure spring.jpa.open-in-view to disable this warning
2026-01-12T21:01:08.062+07:00  INFO 24496 --- [           main]  r$InitializeUserDetailsManagerConfigurer : [] [] [] [] [] [] [] Global AuthenticationManager configured with UserDetailsService bean with name userDetailsService
2026-01-12T21:01:08.898+07:00  INFO 24496 --- [           main]  o.s.b.a.e.web.EndpointLinksResolver      : [] [] [] [] [] [] [] Exposing 3 endpoints beneath base path '/actuator'
2026-01-12T21:01:08.969+07:00  INFO 24496 --- [           main]  o.s.boot.tomcat.TomcatWebServer          : [] [] [] [] [] [] [] Tomcat started on port 8080 (http) with context path '/'
2026-01-12T21:01:08.979+07:00  INFO 24496 --- [           main]  c.i.m.l.LoyalityManagementApplication    : [] [] [] [] [] [] [] Started LoyalityManagementApplication in 12.822 seconds (process running for 13.831)
2026-01-12T21:01:32.750+07:00  INFO 24496 --- [ionShutdownHook]  o.s.boot.tomcat.GracefulShutdown         : [] [] [] [] [] [] [] Commencing graceful shutdown. Waiting for active requests to complete
2026-01-12T21:01:32.769+07:00  INFO 24496 --- [tomcat-shutdown]  o.s.boot.tomcat.GracefulShutdown         : [] [] [] [] [] [] [] Graceful shutdown complete
2026-01-12T21:01:32.774+07:00  INFO 24496 --- [ionShutdownHook]  j.LocalContainerEntityManagerFactoryBean : [] [] [] [] [] [] [] Closing JPA EntityManagerFactory for persistence unit 'default'
2026-01-12T21:01:32.778+07:00  INFO 24496 --- [ionShutdownHook]  com.zaxxer.hikari.HikariDataSource       : [] [] [] [] [] [] [] LoyalityManagement-HikariCP - Shutdown initiated...
2026-01-12T21:01:33.215+07:00  INFO 24496 --- [ionShutdownHook]  com.zaxxer.hikari.HikariDataSource       : [] [] [] [] [] [] [] LoyalityManagement-HikariCP - Shutdown completed.
2026-01-12T23:56:23.091+07:00  INFO 25008 --- [           main]  c.i.m.l.LoyalityManagementApplication    : [] [] [] [] [] [] [] Starting LoyalityManagementApplication using Java 21.0.9 with PID 25008 (D:\FOLDER\Work\LINTASARTA\Project\Indosat\GIT-microservices-new\loyality-management\target\classes started by WAHANA 25 in D:\FOLDER\Work\LINTASARTA\Project\Indosat\GIT-microservices-new\loyality-management)
2026-01-12T23:56:23.108+07:00  INFO 25008 --- [           main]  c.i.m.l.LoyalityManagementApplication    : [] [] [] [] [] [] [] No active profile set, falling back to 1 default profile: "default"
2026-01-12T23:56:26.230+07:00  INFO 25008 --- [           main]  .s.d.r.c.RepositoryConfigurationDelegate : [] [] [] [] [] [] [] Bootstrapping Spring Data JPA repositories in DEFAULT mode.
2026-01-12T23:56:26.404+07:00  INFO 25008 --- [           main]  .s.d.r.c.RepositoryConfigurationDelegate : [] [] [] [] [] [] [] Finished Spring Data repository scanning in 135 ms. Found 1 JPA repository interface.
2026-01-12T23:56:27.673+07:00  INFO 25008 --- [           main]  o.s.boot.tomcat.TomcatWebServer          : [] [] [] [] [] [] [] Tomcat initialized with port 8080 (http)
2026-01-12T23:56:27.704+07:00  INFO 25008 --- [           main]  o.apache.catalina.core.StandardService   : [] [] [] [] [] [] [] Starting service [Tomcat]
2026-01-12T23:56:27.704+07:00  INFO 25008 --- [           main]  o.apache.catalina.core.StandardEngine    : [] [] [] [] [] [] [] Starting Servlet engine: [Apache Tomcat/11.0.14]
2026-01-12T23:56:27.847+07:00  INFO 25008 --- [           main]  b.w.c.s.WebApplicationContextInitializer : [] [] [] [] [] [] [] Root WebApplicationContext: initialization completed in 4555 ms
2026-01-12T23:56:28.795+07:00  INFO 25008 --- [           main]  o.hibernate.jpa.internal.util.LogHelper  : [] [] [] [] [] [] [] HHH000204: Processing PersistenceUnitInfo [name: default]
2026-01-12T23:56:28.912+07:00  INFO 25008 --- [           main]  org.hibernate.Version                    : [] [] [] [] [] [] [] HHH000412: Hibernate ORM core version 7.1.8.Final
2026-01-12T23:56:29.823+07:00  INFO 25008 --- [           main]  o.s.o.j.p.SpringPersistenceUnitInfo      : [] [] [] [] [] [] [] No LoadTimeWeaver setup: ignoring JPA class transformer
2026-01-12T23:56:29.859+07:00  INFO 25008 --- [           main]  com.zaxxer.hikari.HikariDataSource       : [] [] [] [] [] [] [] LoyalityManagement-HikariCP - Starting...
2026-01-12T23:56:31.300+07:00  INFO 25008 --- [           main]  com.zaxxer.hikari.pool.HikariPool        : [] [] [] [] [] [] [] LoyalityManagement-HikariCP - Added connection oracle.jdbc.driver.T4CConnection@2de96eba
2026-01-12T23:56:31.302+07:00  INFO 25008 --- [           main]  com.zaxxer.hikari.HikariDataSource       : [] [] [] [] [] [] [] LoyalityManagement-HikariCP - Start completed.
2026-01-12T23:56:31.586+07:00  WARN 25008 --- [           main]  org.hibernate.dialect.Dialect            : [] [] [] [] [] [] [] HHH000511: The 12.1.0 version for [org.hibernate.dialect.OracleDialect] is no longer supported, hence certain features may not work properly. The minimum supported version is 19.0.0. Check the community dialects project for available legacy versions.
2026-01-12T23:56:31.773+07:00  WARN 25008 --- [           main]  org.hibernate.orm.jdbc                   : [] [] [] [] [] [] [] HHH100123: Low default JDBC fetch size: 10 (consider setting 'hibernate.jdbc.fetch_size')
2026-01-12T23:56:31.777+07:00  INFO 25008 --- [           main]  org.hibernate.orm.connections.pooling    : [] [] [] [] [] [] [] HHH10001005: Database info:
	Database JDBC URL [jdbc:oracle:thin:@//10.147.114.11:1521/NGSSPUAT]
	Database driver: Oracle JDBC driver
	Database dialect: OracleDialect
	Database version: 12.1
	Default catalog/schema: undefined/SSP
	Autocommit mode: undefined/unknown
	Isolation level: READ_COMMITTED [default READ_COMMITTED]
	JDBC fetch size: 10
	Pool: DatasourceConnectionProviderImpl
	Minimum pool size: undefined/unknown
	Maximum pool size: undefined/unknown
2026-01-12T23:56:32.706+07:00  INFO 25008 --- [           main]  o.h.e.t.j.p.i.JtaPlatformInitiator       : [] [] [] [] [] [] [] HHH000489: No JTA platform available (set 'hibernate.transaction.jta.platform' to enable JTA platform integration)
2026-01-12T23:56:32.716+07:00  INFO 25008 --- [           main]  j.LocalContainerEntityManagerFactoryBean : [] [] [] [] [] [] [] Initialized JPA EntityManagerFactory for persistence unit 'default'
2026-01-12T23:56:32.838+07:00  INFO 25008 --- [           main]  o.s.d.j.r.query.QueryEnhancerFactories   : [] [] [] [] [] [] [] Hibernate is in classpath; If applicable, HQL parser will be used.
2026-01-12T23:56:33.550+07:00  WARN 25008 --- [           main]  JpaBaseConfiguration$JpaWebConfiguration : [] [] [] [] [] [] [] spring.jpa.open-in-view is enabled by default. Therefore, database queries may be performed during view rendering. Explicitly configure spring.jpa.open-in-view to disable this warning
2026-01-12T23:56:33.884+07:00  INFO 25008 --- [           main]  r$InitializeUserDetailsManagerConfigurer : [] [] [] [] [] [] [] Global AuthenticationManager configured with UserDetailsService bean with name userDetailsService
2026-01-12T23:56:35.171+07:00  INFO 25008 --- [           main]  o.s.b.a.e.web.EndpointLinksResolver      : [] [] [] [] [] [] [] Exposing 3 endpoints beneath base path '/actuator'
2026-01-12T23:56:35.330+07:00  INFO 25008 --- [           main]  o.s.boot.tomcat.TomcatWebServer          : [] [] [] [] [] [] [] Tomcat started on port 8080 (http) with context path '/'
2026-01-12T23:56:35.346+07:00  INFO 25008 --- [           main]  c.i.m.l.LoyalityManagementApplication    : [] [] [] [] [] [] [] Started LoyalityManagementApplication in 13.185 seconds (process running for 15.304)
2026-01-12T23:57:20.951+07:00  INFO 25008 --- [nio-8080-exec-1]  o.a.c.c.C.[Tomcat].[localhost].[/]       : [] [] [] [] [] [] [] Initializing Spring DispatcherServlet 'dispatcherServlet'
2026-01-12T23:57:20.951+07:00  INFO 25008 --- [nio-8080-exec-1]  o.s.web.servlet.DispatcherServlet        : [] [] [] [] [] [] [] Initializing Servlet 'dispatcherServlet'
2026-01-12T23:57:20.953+07:00  INFO 25008 --- [nio-8080-exec-1]  o.s.web.servlet.DispatcherServlet        : [] [] [] [] [] [] [] Completed initialization in 2 ms
2026-01-12T23:57:21.269+07:00  INFO 25008 --- [nio-8080-exec-1]  c.i.m.l.util.LoggingUtil                 : [] [] [] [] [REQ_FE] [lms-process] [] LMSProcessRequestDTO(transId=6285612345679320260112100102x1, channel=VMS, action=INSERT, serviceName=LMS_INSERT_VOUCHER, serviceData=LMSProcessRequestDTO.ServiceDataDTO(referenceId=6285612345679320260112100102x1, msisdn=62856123456793, voucherCode=62856123456792025122208010200318D312, voucherStatus=ACTIVE, voucherType=VMS, voucherExpiryDate=2026-02-12 01:02:03, voucherIssueDate=2026-01-12 04:05:06, voucherUpdateDate=2026-01-12 04:05:07, productId=TELPLATM30DSAT, productName=Vidio Platinum Mobile 30 Days, productImageUrl=https://myim3asset.ioh.co.id/assets/myim3/imageassets/Vidio_BadgeID.png, landingUrl=https://vid.id//vidioindosat, outletName=VIDIO, tncInfo=1. Pelanggan hanya dapat melakukan login di aplikasi dengan nomor IM3 yang sama ketika membeli paket ini. 2. Masa aktif berlangganan berlangsung selama 30 hari sejak tanggal aktivasi. 3. Pelanggan hanya dapat menikmati layanan melalui perangkat mobile (smartphone/tablet).))
2026-01-12T23:57:21.269+07:00  INFO 25008 --- [nio-8080-exec-1]  c.i.m.l.util.LoggingUtil                 : [] [] [] [] [REQ] [processVoucher request : ] [] LMSProcessRequestDTO(transId=6285612345679320260112100102x1, channel=VMS, action=INSERT, serviceName=LMS_INSERT_VOUCHER, serviceData=LMSProcessRequestDTO.ServiceDataDTO(referenceId=6285612345679320260112100102x1, msisdn=62856123456793, voucherCode=62856123456792025122208010200318D312, voucherStatus=ACTIVE, voucherType=VMS, voucherExpiryDate=2026-02-12 01:02:03, voucherIssueDate=2026-01-12 04:05:06, voucherUpdateDate=2026-01-12 04:05:07, productId=TELPLATM30DSAT, productName=Vidio Platinum Mobile 30 Days, productImageUrl=https://myim3asset.ioh.co.id/assets/myim3/imageassets/Vidio_BadgeID.png, landingUrl=https://vid.id//vidioindosat, outletName=VIDIO, tncInfo=1. Pelanggan hanya dapat melakukan login di aplikasi dengan nomor IM3 yang sama ketika membeli paket ini. 2. Masa aktif berlangganan berlangsung selama 30 hari sejak tanggal aktivasi. 3. Pelanggan hanya dapat menikmati layanan melalui perangkat mobile (smartphone/tablet).))
2026-01-12T23:57:21.915+07:00 ERROR 25008 --- [nio-8080-exec-1]  c.i.m.l.util.LoggingUtil                 : [] [] [] [] [ERROR] [Failed to parse expiry date: ] [] 2026-02-12 01:02:03 Text '2026-02-12 01:02:03' could not be parsed at index 10
2026-01-12T23:57:21.922+07:00  INFO 25008 --- [nio-8080-exec-1]  c.i.m.l.util.LoggingUtil                 : [] [] [] [] [RES] [processVoucher response : ] [] LMSProcessResponseDTO(transId=6285612345679320260112100102x1, channel=VMS, action=INSERT, serviceName=LMS_INSERT_VOUCHER, serviceData=null, responseCode=99, responseMessage=System Error)
2026-01-12T23:57:21.922+07:00  INFO 25008 --- [nio-8080-exec-1]  c.i.m.l.util.LoggingUtil                 : [] [] [] [] [RES_FE] [lms-process] [] LMSProcessResponseDTO(transId=6285612345679320260112100102x1, channel=VMS, action=INSERT, serviceName=LMS_INSERT_VOUCHER, serviceData=null, responseCode=99, responseMessage=System Error)
2026-01-13T00:01:26.656+07:00  WARN 25008 --- [iCP:housekeeper]  com.zaxxer.hikari.pool.PoolBase          : [] [] [] [] [] [] [] LoyalityManagement-HikariCP - Failed to validate connection oracle.jdbc.driver.T4CConnection@7ebe3f88 (IO Error: Invalid Operation, NOT Connected). Possibly consider using a shorter maxLifetime value.
2026-01-13T00:01:40.059+07:00  WARN 25008 --- [iCP:housekeeper]  com.zaxxer.hikari.pool.PoolBase          : [] [] [] [] [] [] [] LoyalityManagement-HikariCP - Failed to validate connection oracle.jdbc.driver.T4CConnection@2de96eba (IO Error: Invalid Operation, NOT Connected). Possibly consider using a shorter maxLifetime value.
2026-01-13T00:07:49.912+07:00  INFO 25008 --- [ionShutdownHook]  o.s.boot.tomcat.GracefulShutdown         : [] [] [] [] [] [] [] Commencing graceful shutdown. Waiting for active requests to complete
2026-01-13T00:07:49.920+07:00  INFO 25008 --- [tomcat-shutdown]  o.s.boot.tomcat.GracefulShutdown         : [] [] [] [] [] [] [] Graceful shutdown complete
2026-01-13T00:07:49.925+07:00  INFO 25008 --- [ionShutdownHook]  j.LocalContainerEntityManagerFactoryBean : [] [] [] [] [] [] [] Closing JPA EntityManagerFactory for persistence unit 'default'
2026-01-13T00:07:49.928+07:00  INFO 25008 --- [ionShutdownHook]  com.zaxxer.hikari.HikariDataSource       : [] [] [] [] [] [] [] LoyalityManagement-HikariCP - Shutdown initiated...
2026-01-13T00:07:50.243+07:00  INFO 25008 --- [ionShutdownHook]  com.zaxxer.hikari.HikariDataSource       : [] [] [] [] [] [] [] LoyalityManagement-HikariCP - Shutdown completed.
2026-01-13T00:07:54.844+07:00  INFO 27088 --- [           main]  c.i.m.l.LoyalityManagementApplication    : [] [] [] [] [] [] [] Starting LoyalityManagementApplication using Java 21.0.9 with PID 27088 (D:\FOLDER\Work\LINTASARTA\Project\Indosat\GIT-microservices-new\loyality-management\target\classes started by WAHANA 25 in D:\FOLDER\Work\LINTASARTA\Project\Indosat\GIT-microservices-new\loyality-management)
2026-01-13T00:07:54.846+07:00  INFO 27088 --- [           main]  c.i.m.l.LoyalityManagementApplication    : [] [] [] [] [] [] [] No active profile set, falling back to 1 default profile: "default"
2026-01-13T00:07:57.356+07:00  INFO 27088 --- [           main]  .s.d.r.c.RepositoryConfigurationDelegate : [] [] [] [] [] [] [] Bootstrapping Spring Data JPA repositories in DEFAULT mode.
2026-01-13T00:07:57.488+07:00  INFO 27088 --- [           main]  .s.d.r.c.RepositoryConfigurationDelegate : [] [] [] [] [] [] [] Finished Spring Data repository scanning in 112 ms. Found 1 JPA repository interface.
2026-01-13T00:07:59.192+07:00  INFO 27088 --- [           main]  o.s.boot.tomcat.TomcatWebServer          : [] [] [] [] [] [] [] Tomcat initialized with port 8080 (http)
2026-01-13T00:07:59.224+07:00  INFO 27088 --- [           main]  o.apache.catalina.core.StandardService   : [] [] [] [] [] [] [] Starting service [Tomcat]
2026-01-13T00:07:59.224+07:00  INFO 27088 --- [           main]  o.apache.catalina.core.StandardEngine    : [] [] [] [] [] [] [] Starting Servlet engine: [Apache Tomcat/11.0.14]
2026-01-13T00:07:59.351+07:00  INFO 27088 --- [           main]  b.w.c.s.WebApplicationContextInitializer : [] [] [] [] [] [] [] Root WebApplicationContext: initialization completed in 4351 ms
2026-01-13T00:08:00.451+07:00  INFO 27088 --- [           main]  o.hibernate.jpa.internal.util.LogHelper  : [] [] [] [] [] [] [] HHH000204: Processing PersistenceUnitInfo [name: default]
2026-01-13T00:08:00.594+07:00  INFO 27088 --- [           main]  org.hibernate.Version                    : [] [] [] [] [] [] [] HHH000412: Hibernate ORM core version 7.1.8.Final
2026-01-13T00:08:01.639+07:00  INFO 27088 --- [           main]  o.s.o.j.p.SpringPersistenceUnitInfo      : [] [] [] [] [] [] [] No LoadTimeWeaver setup: ignoring JPA class transformer
2026-01-13T00:08:01.670+07:00  INFO 27088 --- [           main]  com.zaxxer.hikari.HikariDataSource       : [] [] [] [] [] [] [] LoyalityManagement-HikariCP - Starting...
2026-01-13T00:08:02.469+07:00  INFO 27088 --- [           main]  com.zaxxer.hikari.pool.HikariPool        : [] [] [] [] [] [] [] LoyalityManagement-HikariCP - Added connection oracle.jdbc.driver.T4CConnection@2de96eba
2026-01-13T00:08:02.469+07:00  INFO 27088 --- [           main]  com.zaxxer.hikari.HikariDataSource       : [] [] [] [] [] [] [] LoyalityManagement-HikariCP - Start completed.
2026-01-13T00:08:02.772+07:00  WARN 27088 --- [           main]  org.hibernate.dialect.Dialect            : [] [] [] [] [] [] [] HHH000511: The 12.1.0 version for [org.hibernate.dialect.OracleDialect] is no longer supported, hence certain features may not work properly. The minimum supported version is 19.0.0. Check the community dialects project for available legacy versions.
2026-01-13T00:08:02.961+07:00  WARN 27088 --- [           main]  org.hibernate.orm.jdbc                   : [] [] [] [] [] [] [] HHH100123: Low default JDBC fetch size: 10 (consider setting 'hibernate.jdbc.fetch_size')
2026-01-13T00:08:02.965+07:00  INFO 27088 --- [           main]  org.hibernate.orm.connections.pooling    : [] [] [] [] [] [] [] HHH10001005: Database info:
	Database JDBC URL [jdbc:oracle:thin:@//10.147.114.11:1521/NGSSPUAT]
	Database driver: Oracle JDBC driver
	Database dialect: OracleDialect
	Database version: 12.1
	Default catalog/schema: undefined/SSP
	Autocommit mode: undefined/unknown
	Isolation level: READ_COMMITTED [default READ_COMMITTED]
	JDBC fetch size: 10
	Pool: DatasourceConnectionProviderImpl
	Minimum pool size: undefined/unknown
	Maximum pool size: undefined/unknown
2026-01-13T00:08:03.857+07:00  INFO 27088 --- [           main]  o.h.e.t.j.p.i.JtaPlatformInitiator       : [] [] [] [] [] [] [] HHH000489: No JTA platform available (set 'hibernate.transaction.jta.platform' to enable JTA platform integration)
2026-01-13T00:08:03.866+07:00  INFO 27088 --- [           main]  j.LocalContainerEntityManagerFactoryBean : [] [] [] [] [] [] [] Initialized JPA EntityManagerFactory for persistence unit 'default'
2026-01-13T00:08:04.019+07:00  INFO 27088 --- [           main]  o.s.d.j.r.query.QueryEnhancerFactories   : [] [] [] [] [] [] [] Hibernate is in classpath; If applicable, HQL parser will be used.
2026-01-13T00:08:04.670+07:00  WARN 27088 --- [           main]  JpaBaseConfiguration$JpaWebConfiguration : [] [] [] [] [] [] [] spring.jpa.open-in-view is enabled by default. Therefore, database queries may be performed during view rendering. Explicitly configure spring.jpa.open-in-view to disable this warning
2026-01-13T00:08:04.966+07:00  INFO 27088 --- [           main]  r$InitializeUserDetailsManagerConfigurer : [] [] [] [] [] [] [] Global AuthenticationManager configured with UserDetailsService bean with name userDetailsService
2026-01-13T00:08:06.071+07:00  INFO 27088 --- [           main]  o.s.b.a.e.web.EndpointLinksResolver      : [] [] [] [] [] [] [] Exposing 3 endpoints beneath base path '/actuator'
2026-01-13T00:08:06.240+07:00  INFO 27088 --- [           main]  o.s.boot.tomcat.TomcatWebServer          : [] [] [] [] [] [] [] Tomcat started on port 8080 (http) with context path '/'
2026-01-13T00:08:06.255+07:00  INFO 27088 --- [           main]  c.i.m.l.LoyalityManagementApplication    : [] [] [] [] [] [] [] Started LoyalityManagementApplication in 12.098 seconds (process running for 12.739)
2026-01-13T00:08:13.593+07:00  INFO 27088 --- [nio-8080-exec-2]  o.a.c.c.C.[Tomcat].[localhost].[/]       : [] [] [] [] [] [] [] Initializing Spring DispatcherServlet 'dispatcherServlet'
2026-01-13T00:08:13.593+07:00  INFO 27088 --- [nio-8080-exec-2]  o.s.web.servlet.DispatcherServlet        : [] [] [] [] [] [] [] Initializing Servlet 'dispatcherServlet'
2026-01-13T00:08:13.596+07:00  INFO 27088 --- [nio-8080-exec-2]  o.s.web.servlet.DispatcherServlet        : [] [] [] [] [] [] [] Completed initialization in 2 ms
2026-01-13T00:08:13.946+07:00  INFO 27088 --- [nio-8080-exec-2]  c.i.m.l.util.LoggingUtil                 : [] [] [] [] [REQ_FE] [lms-process] [] LMSProcessRequestDTO(transId=6285612345679320260112100102x1, channel=VMS, action=INSERT, serviceName=LMS_INSERT_VOUCHER, serviceData=LMSProcessRequestDTO.ServiceDataDTO(referenceId=6285612345679320260112100102x1, msisdn=62856123456793, voucherCode=62856123456792025122208010200318D312, voucherStatus=ACTIVE, voucherType=VMS, voucherExpiryDate=2026-02-12 01:02:03, voucherIssueDate=2026-01-12 04:05:06, voucherUpdateDate=2026-01-12 04:05:07, productId=TELPLATM30DSAT, productName=Vidio Platinum Mobile 30 Days, productImageUrl=https://myim3asset.ioh.co.id/assets/myim3/imageassets/Vidio_BadgeID.png, landingUrl=https://vid.id//vidioindosat, outletName=VIDIO, tncInfo=1. Pelanggan hanya dapat melakukan login di aplikasi dengan nomor IM3 yang sama ketika membeli paket ini. 2. Masa aktif berlangganan berlangsung selama 30 hari sejak tanggal aktivasi. 3. Pelanggan hanya dapat menikmati layanan melalui perangkat mobile (smartphone/tablet).))
2026-01-13T00:08:13.947+07:00  INFO 27088 --- [nio-8080-exec-2]  c.i.m.l.util.LoggingUtil                 : [] [] [] [] [REQ] [processVoucher request : ] [] LMSProcessRequestDTO(transId=6285612345679320260112100102x1, channel=VMS, action=INSERT, serviceName=LMS_INSERT_VOUCHER, serviceData=LMSProcessRequestDTO.ServiceDataDTO(referenceId=6285612345679320260112100102x1, msisdn=62856123456793, voucherCode=62856123456792025122208010200318D312, voucherStatus=ACTIVE, voucherType=VMS, voucherExpiryDate=2026-02-12 01:02:03, voucherIssueDate=2026-01-12 04:05:06, voucherUpdateDate=2026-01-12 04:05:07, productId=TELPLATM30DSAT, productName=Vidio Platinum Mobile 30 Days, productImageUrl=https://myim3asset.ioh.co.id/assets/myim3/imageassets/Vidio_BadgeID.png, landingUrl=https://vid.id//vidioindosat, outletName=VIDIO, tncInfo=1. Pelanggan hanya dapat melakukan login di aplikasi dengan nomor IM3 yang sama ketika membeli paket ini. 2. Masa aktif berlangganan berlangsung selama 30 hari sejak tanggal aktivasi. 3. Pelanggan hanya dapat menikmati layanan melalui perangkat mobile (smartphone/tablet).))
2026-01-13T00:08:14.563+07:00  INFO 27088 --- [nio-8080-exec-2]  c.i.m.l.util.LoggingUtil                 : [] [] [] [] [INFO] [encryptAES --> ] [] Voucher code encrypted successfully
2026-01-13T00:08:14.866+07:00  INFO 27088 --- [nio-8080-exec-2]  c.i.m.l.util.LoggingUtil                 : [] [] [] [] [RES] [processVoucher response : ] [] LMSProcessResponseDTO(transId=6285612345679320260112100102x1, channel=VMS, action=INSERT, serviceName=LMS_INSERT_VOUCHER, serviceData=null, responseCode=0, responseMessage=SUCCESS)
2026-01-13T00:08:14.867+07:00  INFO 27088 --- [nio-8080-exec-2]  c.i.m.l.util.LoggingUtil                 : [] [] [] [] [RES_FE] [lms-process] [] LMSProcessResponseDTO(transId=6285612345679320260112100102x1, channel=VMS, action=INSERT, serviceName=LMS_INSERT_VOUCHER, serviceData=null, responseCode=0, responseMessage=SUCCESS)
2026-01-13T00:17:04.758+07:00  INFO 27088 --- [nio-8080-exec-5]  c.i.m.l.util.LoggingUtil                 : [] [] [] [] [REQ_FE] [lms-process] [] LMSProcessRequestDTO(transId=6285612345679320260113010203x1, channel=VMS, action=INSERT, serviceName=LMS_INSERT_VOUCHER, serviceData=LMSProcessRequestDTO.ServiceDataDTO(referenceId=6285612345679320260113010203x1, msisdn=62856123456793, voucherCode=6285612345679320260113010203x1X1X2X3, voucherStatus=ACTIVE, voucherType=VMS, voucherExpiryDate=2026-02-13 01:02:03, voucherIssueDate=2026-01-13 04:05:06, voucherUpdateDate=2026-01-13 04:05:07, productId=BDL120K, productName=Klaim Benefit Vidio Platinum/VIU Anda sekarang!, productImageUrl=https://myim3asset.ioh.co.id/assets/myim3/imageassets/Vidio_and_VIU_328x126.png, landingUrl=https://landingurlvidioplatinumviu.com, outletName=VMS, tncInfo=1. Pelanggan hanya dapat melakukan login di aplikasi dengan nomor IM3 yang sama ketika membeli paket ini. 2. Masa aktif berlangganan berlangsung selama 30 hari sejak tanggal aktivasi. 3. Pelanggan hanya dapat menikmati layanan melalui perangkat mobile (smartphone/tablet).))
2026-01-13T00:17:04.759+07:00  INFO 27088 --- [nio-8080-exec-5]  c.i.m.l.util.LoggingUtil                 : [] [] [] [] [REQ] [processVoucher request : ] [] LMSProcessRequestDTO(transId=6285612345679320260113010203x1, channel=VMS, action=INSERT, serviceName=LMS_INSERT_VOUCHER, serviceData=LMSProcessRequestDTO.ServiceDataDTO(referenceId=6285612345679320260113010203x1, msisdn=62856123456793, voucherCode=6285612345679320260113010203x1X1X2X3, voucherStatus=ACTIVE, voucherType=VMS, voucherExpiryDate=2026-02-13 01:02:03, voucherIssueDate=2026-01-13 04:05:06, voucherUpdateDate=2026-01-13 04:05:07, productId=BDL120K, productName=Klaim Benefit Vidio Platinum/VIU Anda sekarang!, productImageUrl=https://myim3asset.ioh.co.id/assets/myim3/imageassets/Vidio_and_VIU_328x126.png, landingUrl=https://landingurlvidioplatinumviu.com, outletName=VMS, tncInfo=1. Pelanggan hanya dapat melakukan login di aplikasi dengan nomor IM3 yang sama ketika membeli paket ini. 2. Masa aktif berlangganan berlangsung selama 30 hari sejak tanggal aktivasi. 3. Pelanggan hanya dapat menikmati layanan melalui perangkat mobile (smartphone/tablet).))
2026-01-13T00:17:04.856+07:00  INFO 27088 --- [nio-8080-exec-5]  c.i.m.l.util.LoggingUtil                 : [] [] [] [] [INFO] [encryptAES --> ] [] Voucher code encrypted successfully
2026-01-13T00:17:05.018+07:00  INFO 27088 --- [nio-8080-exec-5]  c.i.m.l.util.LoggingUtil                 : [] [] [] [] [RES] [processVoucher response : ] [] LMSProcessResponseDTO(transId=6285612345679320260113010203x1, channel=VMS, action=INSERT, serviceName=LMS_INSERT_VOUCHER, serviceData=null, responseCode=0, responseMessage=SUCCESS)
2026-01-13T00:17:05.019+07:00  INFO 27088 --- [nio-8080-exec-5]  c.i.m.l.util.LoggingUtil                 : [] [] [] [] [RES_FE] [lms-process] [] LMSProcessResponseDTO(transId=6285612345679320260113010203x1, channel=VMS, action=INSERT, serviceName=LMS_INSERT_VOUCHER, serviceData=null, responseCode=0, responseMessage=SUCCESS)
2026-01-13T00:39:20.217+07:00  INFO 27088 --- [ionShutdownHook]  o.s.boot.tomcat.GracefulShutdown         : [] [] [] [] [] [] [] Commencing graceful shutdown. Waiting for active requests to complete
2026-01-13T00:39:20.225+07:00  INFO 27088 --- [tomcat-shutdown]  o.s.boot.tomcat.GracefulShutdown         : [] [] [] [] [] [] [] Graceful shutdown complete
2026-01-13T00:39:20.230+07:00  INFO 27088 --- [ionShutdownHook]  j.LocalContainerEntityManagerFactoryBean : [] [] [] [] [] [] [] Closing JPA EntityManagerFactory for persistence unit 'default'
2026-01-13T00:39:20.232+07:00  INFO 27088 --- [ionShutdownHook]  com.zaxxer.hikari.HikariDataSource       : [] [] [] [] [] [] [] LoyalityManagement-HikariCP - Shutdown initiated...
2026-01-13T00:39:20.738+07:00  INFO 27088 --- [ionShutdownHook]  com.zaxxer.hikari.HikariDataSource       : [] [] [] [] [] [] [] LoyalityManagement-HikariCP - Shutdown completed.
2026-01-13T00:41:29.755+07:00  INFO 25672 --- [           main]  c.i.m.l.LoyalityManagementApplication    : [] [] [] [] [] [] [] Starting LoyalityManagementApplication using Java 21.0.9 with PID 25672 (D:\FOLDER\Work\LINTASARTA\Project\Indosat\GIT-microservices-new\loyality-management\target\classes started by WAHANA 25 in D:\FOLDER\Work\LINTASARTA\Project\Indosat\GIT-microservices-new\loyality-management)
2026-01-13T00:41:29.770+07:00  INFO 25672 --- [           main]  c.i.m.l.LoyalityManagementApplication    : [] [] [] [] [] [] [] No active profile set, falling back to 1 default profile: "default"
2026-01-13T00:41:32.391+07:00  INFO 25672 --- [           main]  .s.d.r.c.RepositoryConfigurationDelegate : [] [] [] [] [] [] [] Bootstrapping Spring Data JPA repositories in DEFAULT mode.
2026-01-13T00:41:32.493+07:00  INFO 25672 --- [           main]  .s.d.r.c.RepositoryConfigurationDelegate : [] [] [] [] [] [] [] Finished Spring Data repository scanning in 92 ms. Found 1 JPA repository interface.
2026-01-13T00:41:33.762+07:00  INFO 25672 --- [           main]  o.s.boot.tomcat.TomcatWebServer          : [] [] [] [] [] [] [] Tomcat initialized with port 8080 (http)
2026-01-13T00:41:33.782+07:00  INFO 25672 --- [           main]  o.apache.catalina.core.StandardService   : [] [] [] [] [] [] [] Starting service [Tomcat]
2026-01-13T00:41:33.782+07:00  INFO 25672 --- [           main]  o.apache.catalina.core.StandardEngine    : [] [] [] [] [] [] [] Starting Servlet engine: [Apache Tomcat/11.0.14]
2026-01-13T00:41:33.905+07:00  INFO 25672 --- [           main]  b.w.c.s.WebApplicationContextInitializer : [] [] [] [] [] [] [] Root WebApplicationContext: initialization completed in 4005 ms
2026-01-13T00:41:34.827+07:00  INFO 25672 --- [           main]  o.hibernate.jpa.internal.util.LogHelper  : [] [] [] [] [] [] [] HHH000204: Processing PersistenceUnitInfo [name: default]
2026-01-13T00:41:34.917+07:00  INFO 25672 --- [           main]  org.hibernate.Version                    : [] [] [] [] [] [] [] HHH000412: Hibernate ORM core version 7.1.8.Final
2026-01-13T00:41:35.876+07:00  INFO 25672 --- [           main]  o.s.o.j.p.SpringPersistenceUnitInfo      : [] [] [] [] [] [] [] No LoadTimeWeaver setup: ignoring JPA class transformer
2026-01-13T00:41:35.939+07:00  INFO 25672 --- [           main]  com.zaxxer.hikari.HikariDataSource       : [] [] [] [] [] [] [] LoyalityManagement-HikariCP - Starting...
2026-01-13T00:41:36.718+07:00  INFO 25672 --- [           main]  com.zaxxer.hikari.pool.HikariPool        : [] [] [] [] [] [] [] LoyalityManagement-HikariCP - Added connection oracle.jdbc.driver.T4CConnection@464d60fb
2026-01-13T00:41:36.727+07:00  INFO 25672 --- [           main]  com.zaxxer.hikari.HikariDataSource       : [] [] [] [] [] [] [] LoyalityManagement-HikariCP - Start completed.
2026-01-13T00:41:37.037+07:00  WARN 25672 --- [           main]  org.hibernate.dialect.Dialect            : [] [] [] [] [] [] [] HHH000511: The 12.1.0 version for [org.hibernate.dialect.OracleDialect] is no longer supported, hence certain features may not work properly. The minimum supported version is 19.0.0. Check the community dialects project for available legacy versions.
2026-01-13T00:41:37.228+07:00  WARN 25672 --- [           main]  org.hibernate.orm.jdbc                   : [] [] [] [] [] [] [] HHH100123: Low default JDBC fetch size: 10 (consider setting 'hibernate.jdbc.fetch_size')
2026-01-13T00:41:37.232+07:00  INFO 25672 --- [           main]  org.hibernate.orm.connections.pooling    : [] [] [] [] [] [] [] HHH10001005: Database info:
	Database JDBC URL [jdbc:oracle:thin:@//10.147.114.11:1521/NGSSPUAT]
	Database driver: Oracle JDBC driver
	Database dialect: OracleDialect
	Database version: 12.1
	Default catalog/schema: undefined/SSP
	Autocommit mode: undefined/unknown
	Isolation level: READ_COMMITTED [default READ_COMMITTED]
	JDBC fetch size: 10
	Pool: DatasourceConnectionProviderImpl
	Minimum pool size: undefined/unknown
	Maximum pool size: undefined/unknown
2026-01-13T00:41:38.030+07:00  INFO 25672 --- [           main]  o.h.e.t.j.p.i.JtaPlatformInitiator       : [] [] [] [] [] [] [] HHH000489: No JTA platform available (set 'hibernate.transaction.jta.platform' to enable JTA platform integration)
2026-01-13T00:41:38.037+07:00  INFO 25672 --- [           main]  j.LocalContainerEntityManagerFactoryBean : [] [] [] [] [] [] [] Initialized JPA EntityManagerFactory for persistence unit 'default'
2026-01-13T00:41:38.164+07:00  INFO 25672 --- [           main]  o.s.d.j.r.query.QueryEnhancerFactories   : [] [] [] [] [] [] [] Hibernate is in classpath; If applicable, HQL parser will be used.
2026-01-13T00:41:38.822+07:00  WARN 25672 --- [           main]  JpaBaseConfiguration$JpaWebConfiguration : [] [] [] [] [] [] [] spring.jpa.open-in-view is enabled by default. Therefore, database queries may be performed during view rendering. Explicitly configure spring.jpa.open-in-view to disable this warning
2026-01-13T00:41:39.145+07:00  INFO 25672 --- [           main]  r$InitializeUserDetailsManagerConfigurer : [] [] [] [] [] [] [] Global AuthenticationManager configured with UserDetailsService bean with name userDetailsService
2026-01-13T00:41:40.294+07:00  INFO 25672 --- [           main]  o.s.b.a.e.web.EndpointLinksResolver      : [] [] [] [] [] [] [] Exposing 3 endpoints beneath base path '/actuator'
2026-01-13T00:41:40.483+07:00  INFO 25672 --- [           main]  o.s.boot.tomcat.TomcatWebServer          : [] [] [] [] [] [] [] Tomcat started on port 8080 (http) with context path '/'
2026-01-13T00:41:40.500+07:00  INFO 25672 --- [           main]  c.i.m.l.LoyalityManagementApplication    : [] [] [] [] [] [] [] Started LoyalityManagementApplication in 11.523 seconds (process running for 13.377)
2026-01-13T00:42:16.965+07:00  INFO 25672 --- [nio-8080-exec-1]  o.a.c.c.C.[Tomcat].[localhost].[/]       : [] [] [] [] [] [] [] Initializing Spring DispatcherServlet 'dispatcherServlet'
2026-01-13T00:42:16.965+07:00  INFO 25672 --- [nio-8080-exec-1]  o.s.web.servlet.DispatcherServlet        : [] [] [] [] [] [] [] Initializing Servlet 'dispatcherServlet'
2026-01-13T00:42:16.967+07:00  INFO 25672 --- [nio-8080-exec-1]  o.s.web.servlet.DispatcherServlet        : [] [] [] [] [] [] [] Completed initialization in 1 ms
2026-01-13T00:42:17.322+07:00  INFO 25672 --- [nio-8080-exec-1]  c.i.m.l.util.LoggingUtil                 : [] [] [] [] [REQ_FE] [lms-process] [] LMSProcessRequestDTO(transId=6285612345679320260113010203x1, channel=VMS, action=INSERT, serviceName=LMS_INSERT_VOUCHER, serviceData=LMSProcessRequestDTO.ServiceDataDTO(referenceId=6285612345679320260113010203x1, msisdn=62856123456793, voucherCode=6285612345679320260113010203x1X1X2X3, voucherStatus=ACTIVE, voucherType=VMS, voucherExpiryDate=2026-02-13 01:02:03, voucherIssueDate=2026-01-13 04:05:06, voucherUpdateDate=2026-01-13 04:05:07, productId=BDL120K, productName=Klaim Benefit Vidio Platinum/VIU Anda sekarang!, productImageUrl=https://myim3asset.ioh.co.id/assets/myim3/imageassets/Vidio_and_VIU_328x126.png, landingUrl=https://landingurlvidioplatinumviu.com, outletName=VMS, tncInfo=1. Pelanggan hanya dapat melakukan login di aplikasi dengan nomor IM3 yang sama ketika membeli paket ini. 2. Masa aktif berlangganan berlangsung selama 30 hari sejak tanggal aktivasi. 3. Pelanggan hanya dapat menikmati layanan melalui perangkat mobile (smartphone/tablet).))
2026-01-13T00:42:17.323+07:00  INFO 25672 --- [nio-8080-exec-1]  c.i.m.l.util.LoggingUtil                 : [] [] [] [] [REQ] [processVoucher request : ] [] LMSProcessRequestDTO(transId=6285612345679320260113010203x1, channel=VMS, action=INSERT, serviceName=LMS_INSERT_VOUCHER, serviceData=LMSProcessRequestDTO.ServiceDataDTO(referenceId=6285612345679320260113010203x1, msisdn=62856123456793, voucherCode=6285612345679320260113010203x1X1X2X3, voucherStatus=ACTIVE, voucherType=VMS, voucherExpiryDate=2026-02-13 01:02:03, voucherIssueDate=2026-01-13 04:05:06, voucherUpdateDate=2026-01-13 04:05:07, productId=BDL120K, productName=Klaim Benefit Vidio Platinum/VIU Anda sekarang!, productImageUrl=https://myim3asset.ioh.co.id/assets/myim3/imageassets/Vidio_and_VIU_328x126.png, landingUrl=https://landingurlvidioplatinumviu.com, outletName=VMS, tncInfo=1. Pelanggan hanya dapat melakukan login di aplikasi dengan nomor IM3 yang sama ketika membeli paket ini. 2. Masa aktif berlangganan berlangsung selama 30 hari sejak tanggal aktivasi. 3. Pelanggan hanya dapat menikmati layanan melalui perangkat mobile (smartphone/tablet).))
2026-01-13T00:42:18.202+07:00  INFO 25672 --- [nio-8080-exec-1]  c.i.m.l.util.LoggingUtil                 : [] [] [] [] [RES] [processVoucher response : ] [] LMSProcessResponseDTO(transId=6285612345679320260113010203x1, channel=VMS, action=INSERT, serviceName=LMS_INSERT_VOUCHER, serviceData=null, responseCode=0, responseMessage=SUCCESS)
2026-01-13T00:42:18.204+07:00  INFO 25672 --- [nio-8080-exec-1]  c.i.m.l.util.LoggingUtil                 : [] [] [] [] [RES_FE] [lms-process] [] LMSProcessResponseDTO(transId=6285612345679320260113010203x1, channel=VMS, action=INSERT, serviceName=LMS_INSERT_VOUCHER, serviceData=null, responseCode=0, responseMessage=SUCCESS)
2026-01-13T00:44:43.732+07:00  INFO 25672 --- [nio-8080-exec-5]  c.i.m.l.util.LoggingUtil                 : [] [] [] [] [REQ_FE] [lms-process] [] LMSProcessRequestDTO(transId=6285612345679320260113010203x1, channel=VMS, action=INSERT, serviceName=LMS_INSERT_VOUCHER, serviceData=LMSProcessRequestDTO.ServiceDataDTO(referenceId=6285612345679320260113010203x1, msisdn=62856123456793, voucherCode=6285612345679320260113010203x1X1X2X3, voucherStatus=ACTIVE, voucherType=VMS, voucherExpiryDate=2026-02-13 01:02:03, voucherIssueDate=2026-01-13 04:05:06, voucherUpdateDate=2026-01-13 04:05:07, productId=BDL120K, productName=Klaim Benefit Vidio Platinum/VIU Anda sekarang!, productImageUrl=https://myim3asset.ioh.co.id/assets/myim3/imageassets/Vidio_and_VIU_328x126.png, landingUrl=https://landingurlvidioplatinumviu.com, outletName=VMS, tncInfo=1. Pelanggan hanya dapat melakukan login di aplikasi dengan nomor IM3 yang sama ketika membeli paket ini. 2. Masa aktif berlangganan berlangsung selama 30 hari sejak tanggal aktivasi. 3. Pelanggan hanya dapat menikmati layanan melalui perangkat mobile (smartphone/tablet).))
2026-01-13T00:44:43.733+07:00  INFO 25672 --- [nio-8080-exec-5]  c.i.m.l.util.LoggingUtil                 : [] [] [] [] [REQ] [processVoucher request : ] [] LMSProcessRequestDTO(transId=6285612345679320260113010203x1, channel=VMS, action=INSERT, serviceName=LMS_INSERT_VOUCHER, serviceData=LMSProcessRequestDTO.ServiceDataDTO(referenceId=6285612345679320260113010203x1, msisdn=62856123456793, voucherCode=6285612345679320260113010203x1X1X2X3, voucherStatus=ACTIVE, voucherType=VMS, voucherExpiryDate=2026-02-13 01:02:03, voucherIssueDate=2026-01-13 04:05:06, voucherUpdateDate=2026-01-13 04:05:07, productId=BDL120K, productName=Klaim Benefit Vidio Platinum/VIU Anda sekarang!, productImageUrl=https://myim3asset.ioh.co.id/assets/myim3/imageassets/Vidio_and_VIU_328x126.png, landingUrl=https://landingurlvidioplatinumviu.com, outletName=VMS, tncInfo=1. Pelanggan hanya dapat melakukan login di aplikasi dengan nomor IM3 yang sama ketika membeli paket ini. 2. Masa aktif berlangganan berlangsung selama 30 hari sejak tanggal aktivasi. 3. Pelanggan hanya dapat menikmati layanan melalui perangkat mobile (smartphone/tablet).))
2026-01-13T00:44:43.852+07:00  INFO 25672 --- [nio-8080-exec-5]  c.i.m.l.util.LoggingUtil                 : [] [] [] [] [RES] [processVoucher response : ] [] LMSProcessResponseDTO(transId=6285612345679320260113010203x1, channel=VMS, action=INSERT, serviceName=LMS_INSERT_VOUCHER, serviceData=null, responseCode=311, responseMessage=Reference ID Already Exist)
2026-01-13T00:44:43.853+07:00  INFO 25672 --- [nio-8080-exec-5]  c.i.m.l.util.LoggingUtil                 : [] [] [] [] [RES_FE] [lms-process] [] LMSProcessResponseDTO(transId=6285612345679320260113010203x1, channel=VMS, action=INSERT, serviceName=LMS_INSERT_VOUCHER, serviceData=null, responseCode=311, responseMessage=Reference ID Already Exist)
2026-01-13T00:51:05.517+07:00  INFO 25672 --- [nio-8080-exec-8]  c.i.m.l.util.LoggingUtil                 : [] [] [] [] [REQ_FE] [lms-process] [] LMSProcessRequestDTO(transId=6285612345679320260113010203x1, channel=VMS, action=UPDATE, serviceName=LMS_UPDATE_VOUCHER, serviceData=LMSProcessRequestDTO.ServiceDataDTO(referenceId=6285612345679320260113010203x1, msisdn=62856123456793, voucherCode=6285612345679320260113010203x1X1X2X3, voucherStatus=CLAIMED, voucherType=VMS --> TEST UPDATE, voucherExpiryDate=2026-02-14 01:02:03, voucherIssueDate=2026-01-14 04:05:06, voucherUpdateDate=2026-01-14 04:05:07, productId=BDL120K --> TEST UPDATE, productName=Klaim Benefit Vidio Platinum/VIU Anda sekarang! --> TEST UPDATE, productImageUrl=https://myim3asset.ioh.co.id/assets/myim3/imageassets/Vidio_and_VIU_328x126.png --> TEST UPDATE, landingUrl=https://landingurlvidioplatinumviu.com --> TEST UPDATE, outletName=VMS --> TEST UPDATE, tncInfo=1. Pelanggan hanya dapat melakukan login di aplikasi dengan nomor IM3 yang sama ketika membeli paket ini. 2. Masa aktif berlangganan berlangsung selama 30 hari sejak tanggal aktivasi. 3. Pelanggan hanya dapat menikmati layanan melalui perangkat mobile (smartphone/tablet). --> TEST UPDATE))
2026-01-13T00:51:05.518+07:00  INFO 25672 --- [nio-8080-exec-8]  c.i.m.l.util.LoggingUtil                 : [] [] [] [] [REQ] [processVoucher request : ] [] LMSProcessRequestDTO(transId=6285612345679320260113010203x1, channel=VMS, action=UPDATE, serviceName=LMS_UPDATE_VOUCHER, serviceData=LMSProcessRequestDTO.ServiceDataDTO(referenceId=6285612345679320260113010203x1, msisdn=62856123456793, voucherCode=6285612345679320260113010203x1X1X2X3, voucherStatus=CLAIMED, voucherType=VMS --> TEST UPDATE, voucherExpiryDate=2026-02-14 01:02:03, voucherIssueDate=2026-01-14 04:05:06, voucherUpdateDate=2026-01-14 04:05:07, productId=BDL120K --> TEST UPDATE, productName=Klaim Benefit Vidio Platinum/VIU Anda sekarang! --> TEST UPDATE, productImageUrl=https://myim3asset.ioh.co.id/assets/myim3/imageassets/Vidio_and_VIU_328x126.png --> TEST UPDATE, landingUrl=https://landingurlvidioplatinumviu.com --> TEST UPDATE, outletName=VMS --> TEST UPDATE, tncInfo=1. Pelanggan hanya dapat melakukan login di aplikasi dengan nomor IM3 yang sama ketika membeli paket ini. 2. Masa aktif berlangganan berlangsung selama 30 hari sejak tanggal aktivasi. 3. Pelanggan hanya dapat menikmati layanan melalui perangkat mobile (smartphone/tablet). --> TEST UPDATE))
2026-01-13T00:51:05.664+07:00  INFO 25672 --- [nio-8080-exec-8]  c.i.m.l.util.LoggingUtil                 : [] [] [] [] [REQ] [updateVoucher request : ] [] LMSProcessRequestDTO(transId=6285612345679320260113010203x1, channel=VMS, action=UPDATE, serviceName=LMS_UPDATE_VOUCHER, serviceData=LMSProcessRequestDTO.ServiceDataDTO(referenceId=6285612345679320260113010203x1, msisdn=62856123456793, voucherCode=6285612345679320260113010203x1X1X2X3, voucherStatus=CLAIMED, voucherType=VMS --> TEST UPDATE, voucherExpiryDate=2026-02-14 01:02:03, voucherIssueDate=2026-01-14 04:05:06, voucherUpdateDate=2026-01-14 04:05:07, productId=BDL120K --> TEST UPDATE, productName=Klaim Benefit Vidio Platinum/VIU Anda sekarang! --> TEST UPDATE, productImageUrl=https://myim3asset.ioh.co.id/assets/myim3/imageassets/Vidio_and_VIU_328x126.png --> TEST UPDATE, landingUrl=https://landingurlvidioplatinumviu.com --> TEST UPDATE, outletName=VMS --> TEST UPDATE, tncInfo=1. Pelanggan hanya dapat melakukan login di aplikasi dengan nomor IM3 yang sama ketika membeli paket ini. 2. Masa aktif berlangganan berlangsung selama 30 hari sejak tanggal aktivasi. 3. Pelanggan hanya dapat menikmati layanan melalui perangkat mobile (smartphone/tablet). --> TEST UPDATE))
2026-01-13T00:51:05.800+07:00  WARN 25672 --- [nio-8080-exec-8]  org.hibernate.orm.jdbc.error             : [] [] [] [] [REQ] [updateVoucher request : ] [] HHH000247: ErrorCode: 12899, SQLState: 72000
2026-01-13T00:51:05.800+07:00  WARN 25672 --- [nio-8080-exec-8]  org.hibernate.orm.jdbc.error             : [] [] [] [] [REQ] [updateVoucher request : ] [] ORA-12899: value too large for column "SSP"."LMS_VOUCHER_MANAGEMENT"."PRODUCTID" (actual: 23, maximum: 20)

2026-01-13T00:51:05.848+07:00 ERROR 25672 --- [nio-8080-exec-8]  c.i.m.l.util.LoggingUtil                 : [] [] [] [] [ERROR] [processVoucher --> System Error : ] [] could not execute statement [ORA-12899: value too large for column "SSP"."LMS_VOUCHER_MANAGEMENT"."PRODUCTID" (actual: 23, maximum: 20) ] [update ssp.lms_voucher_management set landingurl=?,msisdn=?,outletname=?,productid=?,productimageurl=?,productname=?,tncinfo=?,vouchercode=?,voucherexpriydate=?,voucherissueddate=?,voucherstatus=?,vouchertype=?,voucherupdatedate=? where referenceid=?] could not execute statement [ORA-12899: value too large for column "SSP"."LMS_VOUCHER_MANAGEMENT"."PRODUCTID" (actual: 23, maximum: 20)
] [update ssp.lms_voucher_management set landingurl=?,msisdn=?,outletname=?,productid=?,productimageurl=?,productname=?,tncinfo=?,vouchercode=?,voucherexpriydate=?,voucherissueddate=?,voucherstatus=?,vouchertype=?,voucherupdatedate=? where referenceid=?]
2026-01-13T00:51:05.850+07:00 ERROR 25672 --- [nio-8080-exec-8]  c.i.m.l.util.LoggingUtil                 : [] [] [] [] [ERROR] [lmsProcessVoucher --> Exception : ] [] could not execute statement [ORA-12899: value too large for column "SSP"."LMS_VOUCHER_MANAGEMENT"."PRODUCTID" (actual: 23, maximum: 20) ] [update ssp.lms_voucher_management set landingurl=?,msisdn=?,outletname=?,productid=?,productimageurl=?,productname=?,tncinfo=?,vouchercode=?,voucherexpriydate=?,voucherissueddate=?,voucherstatus=?,vouchertype=?,voucherupdatedate=? where referenceid=?] could not execute statement [ORA-12899: value too large for column "SSP"."LMS_VOUCHER_MANAGEMENT"."PRODUCTID" (actual: 23, maximum: 20)
] [update ssp.lms_voucher_management set landingurl=?,msisdn=?,outletname=?,productid=?,productimageurl=?,productname=?,tncinfo=?,vouchercode=?,voucherexpriydate=?,voucherissueddate=?,voucherstatus=?,vouchertype=?,voucherupdatedate=? where referenceid=?]
2026-01-13T00:51:26.425+07:00  INFO 25672 --- [io-8080-exec-10]  c.i.m.l.util.LoggingUtil                 : [] [] [] [] [REQ_FE] [lms-process] [] LMSProcessRequestDTO(transId=6285612345679320260113010203x1, channel=VMS, action=UPDATE, serviceName=LMS_UPDATE_VOUCHER, serviceData=LMSProcessRequestDTO.ServiceDataDTO(referenceId=6285612345679320260113010203x1, msisdn=62856123456793, voucherCode=6285612345679320260113010203x1X1X2X3, voucherStatus=CLAIMED, voucherType=VMS --> TEST UPDATE, voucherExpiryDate=2026-02-14 01:02:03, voucherIssueDate=2026-01-14 04:05:06, voucherUpdateDate=2026-01-14 04:05:07, productId=BDL120K --> TEST, productName=Klaim Benefit Vidio Platinum/VIU Anda sekarang! --> TEST UPDATE, productImageUrl=https://myim3asset.ioh.co.id/assets/myim3/imageassets/Vidio_and_VIU_328x126.png --> TEST UPDATE, landingUrl=https://landingurlvidioplatinumviu.com --> TEST UPDATE, outletName=VMS --> TEST UPDATE, tncInfo=1. Pelanggan hanya dapat melakukan login di aplikasi dengan nomor IM3 yang sama ketika membeli paket ini. 2. Masa aktif berlangganan berlangsung selama 30 hari sejak tanggal aktivasi. 3. Pelanggan hanya dapat menikmati layanan melalui perangkat mobile (smartphone/tablet). --> TEST UPDATE))
2026-01-13T00:51:26.425+07:00  INFO 25672 --- [io-8080-exec-10]  c.i.m.l.util.LoggingUtil                 : [] [] [] [] [REQ] [processVoucher request : ] [] LMSProcessRequestDTO(transId=6285612345679320260113010203x1, channel=VMS, action=UPDATE, serviceName=LMS_UPDATE_VOUCHER, serviceData=LMSProcessRequestDTO.ServiceDataDTO(referenceId=6285612345679320260113010203x1, msisdn=62856123456793, voucherCode=6285612345679320260113010203x1X1X2X3, voucherStatus=CLAIMED, voucherType=VMS --> TEST UPDATE, voucherExpiryDate=2026-02-14 01:02:03, voucherIssueDate=2026-01-14 04:05:06, voucherUpdateDate=2026-01-14 04:05:07, productId=BDL120K --> TEST, productName=Klaim Benefit Vidio Platinum/VIU Anda sekarang! --> TEST UPDATE, productImageUrl=https://myim3asset.ioh.co.id/assets/myim3/imageassets/Vidio_and_VIU_328x126.png --> TEST UPDATE, landingUrl=https://landingurlvidioplatinumviu.com --> TEST UPDATE, outletName=VMS --> TEST UPDATE, tncInfo=1. Pelanggan hanya dapat melakukan login di aplikasi dengan nomor IM3 yang sama ketika membeli paket ini. 2. Masa aktif berlangganan berlangsung selama 30 hari sejak tanggal aktivasi. 3. Pelanggan hanya dapat menikmati layanan melalui perangkat mobile (smartphone/tablet). --> TEST UPDATE))
2026-01-13T00:51:26.590+07:00  INFO 25672 --- [io-8080-exec-10]  c.i.m.l.util.LoggingUtil                 : [] [] [] [] [REQ] [updateVoucher request : ] [] LMSProcessRequestDTO(transId=6285612345679320260113010203x1, channel=VMS, action=UPDATE, serviceName=LMS_UPDATE_VOUCHER, serviceData=LMSProcessRequestDTO.ServiceDataDTO(referenceId=6285612345679320260113010203x1, msisdn=62856123456793, voucherCode=6285612345679320260113010203x1X1X2X3, voucherStatus=CLAIMED, voucherType=VMS --> TEST UPDATE, voucherExpiryDate=2026-02-14 01:02:03, voucherIssueDate=2026-01-14 04:05:06, voucherUpdateDate=2026-01-14 04:05:07, productId=BDL120K --> TEST, productName=Klaim Benefit Vidio Platinum/VIU Anda sekarang! --> TEST UPDATE, productImageUrl=https://myim3asset.ioh.co.id/assets/myim3/imageassets/Vidio_and_VIU_328x126.png --> TEST UPDATE, landingUrl=https://landingurlvidioplatinumviu.com --> TEST UPDATE, outletName=VMS --> TEST UPDATE, tncInfo=1. Pelanggan hanya dapat melakukan login di aplikasi dengan nomor IM3 yang sama ketika membeli paket ini. 2. Masa aktif berlangganan berlangsung selama 30 hari sejak tanggal aktivasi. 3. Pelanggan hanya dapat menikmati layanan melalui perangkat mobile (smartphone/tablet). --> TEST UPDATE))
2026-01-13T00:51:26.671+07:00  WARN 25672 --- [io-8080-exec-10]  org.hibernate.orm.jdbc.error             : [] [] [] [] [REQ] [updateVoucher request : ] [] HHH000247: ErrorCode: 14402, SQLState: 72000
2026-01-13T00:51:26.671+07:00  WARN 25672 --- [io-8080-exec-10]  org.hibernate.orm.jdbc.error             : [] [] [] [] [REQ] [updateVoucher request : ] [] ORA-14402: updating partition key column would cause a partition change

2026-01-13T00:51:26.708+07:00 ERROR 25672 --- [io-8080-exec-10]  c.i.m.l.util.LoggingUtil                 : [] [] [] [] [ERROR] [processVoucher --> System Error : ] [] could not execute statement [ORA-14402: updating partition key column would cause a partition change ] [update ssp.lms_voucher_management set landingurl=?,msisdn=?,outletname=?,productid=?,productimageurl=?,productname=?,tncinfo=?,vouchercode=?,voucherexpriydate=?,voucherissueddate=?,voucherstatus=?,vouchertype=?,voucherupdatedate=? where referenceid=?] could not execute statement [ORA-14402: updating partition key column would cause a partition change
] [update ssp.lms_voucher_management set landingurl=?,msisdn=?,outletname=?,productid=?,productimageurl=?,productname=?,tncinfo=?,vouchercode=?,voucherexpriydate=?,voucherissueddate=?,voucherstatus=?,vouchertype=?,voucherupdatedate=? where referenceid=?]
2026-01-13T00:51:26.708+07:00 ERROR 25672 --- [io-8080-exec-10]  c.i.m.l.util.LoggingUtil                 : [] [] [] [] [ERROR] [lmsProcessVoucher --> Exception : ] [] could not execute statement [ORA-14402: updating partition key column would cause a partition change ] [update ssp.lms_voucher_management set landingurl=?,msisdn=?,outletname=?,productid=?,productimageurl=?,productname=?,tncinfo=?,vouchercode=?,voucherexpriydate=?,voucherissueddate=?,voucherstatus=?,vouchertype=?,voucherupdatedate=? where referenceid=?] could not execute statement [ORA-14402: updating partition key column would cause a partition change
] [update ssp.lms_voucher_management set landingurl=?,msisdn=?,outletname=?,productid=?,productimageurl=?,productname=?,tncinfo=?,vouchercode=?,voucherexpriydate=?,voucherissueddate=?,voucherstatus=?,vouchertype=?,voucherupdatedate=? where referenceid=?]
2026-01-13T00:55:21.121+07:00  INFO 25672 --- [nio-8080-exec-1]  c.i.m.l.util.LoggingUtil                 : [] [] [] [] [REQ_FE] [lms-process] [] LMSProcessRequestDTO(transId=6285612345679320260113010203x1, channel=VMS, action=UPDATE, serviceName=LMS_UPDATE_VOUCHER, serviceData=LMSProcessRequestDTO.ServiceDataDTO(referenceId=6285612345679320260113010203x1, msisdn=62856123456793, voucherCode=6285612345679320260113010203x1X1X2X3, voucherStatus=CLAIMED, voucherType=VMS TEST UPDATE, voucherExpiryDate=2026-02-14 01:02:03, voucherIssueDate=2026-01-14 04:05:06, voucherUpdateDate=2026-01-14 04:05:07, productId=BDL120K TEST, productName=Klaim Benefit Vidio Platinum/VIU Anda sekarang! TEST UPDATE, productImageUrl=https://myim3asset.ioh.co.id/assets/myim3/imageassets/Vidio_and_VIU_328x126.png TEST UPDATE, landingUrl=https://landingurlvidioplatinumviu.com TEST UPDATE, outletName=VMS TEST UPDATE, tncInfo=1. Pelanggan hanya dapat melakukan login di aplikasi dengan nomor IM3 yang sama ketika membeli paket ini. 2. Masa aktif berlangganan berlangsung selama 30 hari sejak tanggal aktivasi. 3. Pelanggan hanya dapat menikmati layanan melalui perangkat mobile (smartphone/tablet). TEST UPDATE))
2026-01-13T00:55:21.121+07:00  INFO 25672 --- [nio-8080-exec-1]  c.i.m.l.util.LoggingUtil                 : [] [] [] [] [REQ] [processVoucher request : ] [] LMSProcessRequestDTO(transId=6285612345679320260113010203x1, channel=VMS, action=UPDATE, serviceName=LMS_UPDATE_VOUCHER, serviceData=LMSProcessRequestDTO.ServiceDataDTO(referenceId=6285612345679320260113010203x1, msisdn=62856123456793, voucherCode=6285612345679320260113010203x1X1X2X3, voucherStatus=CLAIMED, voucherType=VMS TEST UPDATE, voucherExpiryDate=2026-02-14 01:02:03, voucherIssueDate=2026-01-14 04:05:06, voucherUpdateDate=2026-01-14 04:05:07, productId=BDL120K TEST, productName=Klaim Benefit Vidio Platinum/VIU Anda sekarang! TEST UPDATE, productImageUrl=https://myim3asset.ioh.co.id/assets/myim3/imageassets/Vidio_and_VIU_328x126.png TEST UPDATE, landingUrl=https://landingurlvidioplatinumviu.com TEST UPDATE, outletName=VMS TEST UPDATE, tncInfo=1. Pelanggan hanya dapat melakukan login di aplikasi dengan nomor IM3 yang sama ketika membeli paket ini. 2. Masa aktif berlangganan berlangsung selama 30 hari sejak tanggal aktivasi. 3. Pelanggan hanya dapat menikmati layanan melalui perangkat mobile (smartphone/tablet). TEST UPDATE))
2026-01-13T00:55:21.260+07:00  INFO 25672 --- [nio-8080-exec-1]  c.i.m.l.util.LoggingUtil                 : [] [] [] [] [REQ] [updateVoucher request : ] [] LMSProcessRequestDTO(transId=6285612345679320260113010203x1, channel=VMS, action=UPDATE, serviceName=LMS_UPDATE_VOUCHER, serviceData=LMSProcessRequestDTO.ServiceDataDTO(referenceId=6285612345679320260113010203x1, msisdn=62856123456793, voucherCode=6285612345679320260113010203x1X1X2X3, voucherStatus=CLAIMED, voucherType=VMS TEST UPDATE, voucherExpiryDate=2026-02-14 01:02:03, voucherIssueDate=2026-01-14 04:05:06, voucherUpdateDate=2026-01-14 04:05:07, productId=BDL120K TEST, productName=Klaim Benefit Vidio Platinum/VIU Anda sekarang! TEST UPDATE, productImageUrl=https://myim3asset.ioh.co.id/assets/myim3/imageassets/Vidio_and_VIU_328x126.png TEST UPDATE, landingUrl=https://landingurlvidioplatinumviu.com TEST UPDATE, outletName=VMS TEST UPDATE, tncInfo=1. Pelanggan hanya dapat melakukan login di aplikasi dengan nomor IM3 yang sama ketika membeli paket ini. 2. Masa aktif berlangganan berlangsung selama 30 hari sejak tanggal aktivasi. 3. Pelanggan hanya dapat menikmati layanan melalui perangkat mobile (smartphone/tablet). TEST UPDATE))
2026-01-13T00:55:21.337+07:00  WARN 25672 --- [nio-8080-exec-1]  org.hibernate.orm.jdbc.error             : [] [] [] [] [REQ] [updateVoucher request : ] [] HHH000247: ErrorCode: 14402, SQLState: 72000
2026-01-13T00:55:21.338+07:00  WARN 25672 --- [nio-8080-exec-1]  org.hibernate.orm.jdbc.error             : [] [] [] [] [REQ] [updateVoucher request : ] [] ORA-14402: updating partition key column would cause a partition change

2026-01-13T00:55:21.383+07:00 ERROR 25672 --- [nio-8080-exec-1]  c.i.m.l.util.LoggingUtil                 : [] [] [] [] [ERROR] [processVoucher --> System Error : ] [] could not execute statement [ORA-14402: updating partition key column would cause a partition change ] [update ssp.lms_voucher_management set landingurl=?,msisdn=?,outletname=?,productid=?,productimageurl=?,productname=?,tncinfo=?,vouchercode=?,voucherexpriydate=?,voucherissueddate=?,voucherstatus=?,vouchertype=?,voucherupdatedate=? where referenceid=?] could not execute statement [ORA-14402: updating partition key column would cause a partition change
] [update ssp.lms_voucher_management set landingurl=?,msisdn=?,outletname=?,productid=?,productimageurl=?,productname=?,tncinfo=?,vouchercode=?,voucherexpriydate=?,voucherissueddate=?,voucherstatus=?,vouchertype=?,voucherupdatedate=? where referenceid=?]
2026-01-13T00:55:21.383+07:00 ERROR 25672 --- [nio-8080-exec-1]  c.i.m.l.util.LoggingUtil                 : [] [] [] [] [ERROR] [lmsProcessVoucher --> Exception : ] [] could not execute statement [ORA-14402: updating partition key column would cause a partition change ] [update ssp.lms_voucher_management set landingurl=?,msisdn=?,outletname=?,productid=?,productimageurl=?,productname=?,tncinfo=?,vouchercode=?,voucherexpriydate=?,voucherissueddate=?,voucherstatus=?,vouchertype=?,voucherupdatedate=? where referenceid=?] could not execute statement [ORA-14402: updating partition key column would cause a partition change
] [update ssp.lms_voucher_management set landingurl=?,msisdn=?,outletname=?,productid=?,productimageurl=?,productname=?,tncinfo=?,vouchercode=?,voucherexpriydate=?,voucherissueddate=?,voucherstatus=?,vouchertype=?,voucherupdatedate=? where referenceid=?]
2026-01-13T00:59:36.929+07:00  INFO 25672 --- [nio-8080-exec-4]  c.i.m.l.util.LoggingUtil                 : [] [] [] [] [REQ_FE] [lms-process] [] LMSProcessRequestDTO(transId=6285612345679320260113010203x1, channel=VMS, action=UPDATE, serviceName=LMS_UPDATE_VOUCHER, serviceData=LMSProcessRequestDTO.ServiceDataDTO(referenceId=6285612345679320260113010203x1, msisdn=62856123456793, voucherCode=6285612345679320260113010203x1X1X2X3, voucherStatus=CLAIMED, voucherType=VMS, voucherExpiryDate=2026-02-13 01:02:03, voucherIssueDate=2026-01-13 04:05:06, voucherUpdateDate=2026-01-14 04:05:07, productId=BDL120K TEST, productName=Klaim Benefit Vidio Platinum/VIU Anda sekarang! TEST UPDATE, productImageUrl=https://myim3asset.ioh.co.id/assets/myim3/imageassets/Vidio_and_VIU_328x126.png TEST UPDATE, landingUrl=https://landingurlvidioplatinumviu.com TEST UPDATE, outletName=VMS TEST UPDATE, tncInfo=1. Pelanggan hanya dapat melakukan login di aplikasi dengan nomor IM3 yang sama ketika membeli paket ini. 2. Masa aktif berlangganan berlangsung selama 30 hari sejak tanggal aktivasi. 3. Pelanggan hanya dapat menikmati layanan melalui perangkat mobile (smartphone/tablet). TEST UPDATE))
2026-01-13T00:59:36.929+07:00  INFO 25672 --- [nio-8080-exec-4]  c.i.m.l.util.LoggingUtil                 : [] [] [] [] [REQ] [processVoucher request : ] [] LMSProcessRequestDTO(transId=6285612345679320260113010203x1, channel=VMS, action=UPDATE, serviceName=LMS_UPDATE_VOUCHER, serviceData=LMSProcessRequestDTO.ServiceDataDTO(referenceId=6285612345679320260113010203x1, msisdn=62856123456793, voucherCode=6285612345679320260113010203x1X1X2X3, voucherStatus=CLAIMED, voucherType=VMS, voucherExpiryDate=2026-02-13 01:02:03, voucherIssueDate=2026-01-13 04:05:06, voucherUpdateDate=2026-01-14 04:05:07, productId=BDL120K TEST, productName=Klaim Benefit Vidio Platinum/VIU Anda sekarang! TEST UPDATE, productImageUrl=https://myim3asset.ioh.co.id/assets/myim3/imageassets/Vidio_and_VIU_328x126.png TEST UPDATE, landingUrl=https://landingurlvidioplatinumviu.com TEST UPDATE, outletName=VMS TEST UPDATE, tncInfo=1. Pelanggan hanya dapat melakukan login di aplikasi dengan nomor IM3 yang sama ketika membeli paket ini. 2. Masa aktif berlangganan berlangsung selama 30 hari sejak tanggal aktivasi. 3. Pelanggan hanya dapat menikmati layanan melalui perangkat mobile (smartphone/tablet). TEST UPDATE))
2026-01-13T00:59:37.046+07:00  INFO 25672 --- [nio-8080-exec-4]  c.i.m.l.util.LoggingUtil                 : [] [] [] [] [REQ] [updateVoucher request : ] [] LMSProcessRequestDTO(transId=6285612345679320260113010203x1, channel=VMS, action=UPDATE, serviceName=LMS_UPDATE_VOUCHER, serviceData=LMSProcessRequestDTO.ServiceDataDTO(referenceId=6285612345679320260113010203x1, msisdn=62856123456793, voucherCode=6285612345679320260113010203x1X1X2X3, voucherStatus=CLAIMED, voucherType=VMS, voucherExpiryDate=2026-02-13 01:02:03, voucherIssueDate=2026-01-13 04:05:06, voucherUpdateDate=2026-01-14 04:05:07, productId=BDL120K TEST, productName=Klaim Benefit Vidio Platinum/VIU Anda sekarang! TEST UPDATE, productImageUrl=https://myim3asset.ioh.co.id/assets/myim3/imageassets/Vidio_and_VIU_328x126.png TEST UPDATE, landingUrl=https://landingurlvidioplatinumviu.com TEST UPDATE, outletName=VMS TEST UPDATE, tncInfo=1. Pelanggan hanya dapat melakukan login di aplikasi dengan nomor IM3 yang sama ketika membeli paket ini. 2. Masa aktif berlangganan berlangsung selama 30 hari sejak tanggal aktivasi. 3. Pelanggan hanya dapat menikmati layanan melalui perangkat mobile (smartphone/tablet). TEST UPDATE))
2026-01-13T00:59:37.112+07:00  INFO 25672 --- [nio-8080-exec-4]  c.i.m.l.util.LoggingUtil                 : [] [] [] [] [RES] [updateVoucher response : ] [] LMSProcessResponseDTO(transId=6285612345679320260113010203x1, channel=VMS, action=UPDATE, serviceName=LMS_UPDATE_VOUCHER, serviceData=null, responseCode=0, responseMessage=SUCCESS)
2026-01-13T00:59:37.113+07:00  INFO 25672 --- [nio-8080-exec-4]  c.i.m.l.util.LoggingUtil                 : [] [] [] [] [RES] [processVoucher response : ] [] LMSProcessResponseDTO(transId=6285612345679320260113010203x1, channel=VMS, action=UPDATE, serviceName=LMS_UPDATE_VOUCHER, serviceData=null, responseCode=0, responseMessage=SUCCESS)
2026-01-13T00:59:37.113+07:00  INFO 25672 --- [nio-8080-exec-4]  c.i.m.l.util.LoggingUtil                 : [] [] [] [] [RES_FE] [lms-process] [] LMSProcessResponseDTO(transId=6285612345679320260113010203x1, channel=VMS, action=UPDATE, serviceName=LMS_UPDATE_VOUCHER, serviceData=null, responseCode=0, responseMessage=SUCCESS)
2026-01-13T01:01:30.087+07:00  INFO 25672 --- [nio-8080-exec-6]  c.i.m.l.util.LoggingUtil                 : [] [] [] [] [REQ_FE] [lms-process] [] LMSProcessRequestDTO(transId=6285612345679320260113010203x1, channel=VMS, action=UPDATE, serviceName=LMS_UPDATE_VOUCHER, serviceData=LMSProcessRequestDTO.ServiceDataDTO(referenceId=6285612345679320260113010203x12, msisdn=62856123456793, voucherCode=6285612345679320260113010203x1X1X2X3, voucherStatus=CLAIMED, voucherType=VMS, voucherExpiryDate=2026-02-13 01:02:03, voucherIssueDate=2026-01-13 04:05:06, voucherUpdateDate=2026-01-14 04:05:07, productId=BDL120K TEST, productName=Klaim Benefit Vidio Platinum/VIU Anda sekarang! TEST UPDATE, productImageUrl=https://myim3asset.ioh.co.id/assets/myim3/imageassets/Vidio_and_VIU_328x126.png TEST UPDATE, landingUrl=https://landingurlvidioplatinumviu.com TEST UPDATE, outletName=VMS TEST UPDATE, tncInfo=1. Pelanggan hanya dapat melakukan login di aplikasi dengan nomor IM3 yang sama ketika membeli paket ini. 2. Masa aktif berlangganan berlangsung selama 30 hari sejak tanggal aktivasi. 3. Pelanggan hanya dapat menikmati layanan melalui perangkat mobile (smartphone/tablet). TEST UPDATE))
2026-01-13T01:01:30.088+07:00  INFO 25672 --- [nio-8080-exec-6]  c.i.m.l.util.LoggingUtil                 : [] [] [] [] [REQ] [processVoucher request : ] [] LMSProcessRequestDTO(transId=6285612345679320260113010203x1, channel=VMS, action=UPDATE, serviceName=LMS_UPDATE_VOUCHER, serviceData=LMSProcessRequestDTO.ServiceDataDTO(referenceId=6285612345679320260113010203x12, msisdn=62856123456793, voucherCode=6285612345679320260113010203x1X1X2X3, voucherStatus=CLAIMED, voucherType=VMS, voucherExpiryDate=2026-02-13 01:02:03, voucherIssueDate=2026-01-13 04:05:06, voucherUpdateDate=2026-01-14 04:05:07, productId=BDL120K TEST, productName=Klaim Benefit Vidio Platinum/VIU Anda sekarang! TEST UPDATE, productImageUrl=https://myim3asset.ioh.co.id/assets/myim3/imageassets/Vidio_and_VIU_328x126.png TEST UPDATE, landingUrl=https://landingurlvidioplatinumviu.com TEST UPDATE, outletName=VMS TEST UPDATE, tncInfo=1. Pelanggan hanya dapat melakukan login di aplikasi dengan nomor IM3 yang sama ketika membeli paket ini. 2. Masa aktif berlangganan berlangsung selama 30 hari sejak tanggal aktivasi. 3. Pelanggan hanya dapat menikmati layanan melalui perangkat mobile (smartphone/tablet). TEST UPDATE))
2026-01-13T01:01:30.207+07:00  INFO 25672 --- [nio-8080-exec-6]  c.i.m.l.util.LoggingUtil                 : [] [] [] [] [RES] [processVoucher response : ] [] LMSProcessResponseDTO(transId=6285612345679320260113010203x1, channel=VMS, action=UPDATE, serviceName=LMS_UPDATE_VOUCHER, serviceData=null, responseCode=2, responseMessage=Data Not Found)
2026-01-13T01:01:30.208+07:00  INFO 25672 --- [nio-8080-exec-6]  c.i.m.l.util.LoggingUtil                 : [] [] [] [] [RES_FE] [lms-process] [] LMSProcessResponseDTO(transId=6285612345679320260113010203x1, channel=VMS, action=UPDATE, serviceName=LMS_UPDATE_VOUCHER, serviceData=null, responseCode=2, responseMessage=Data Not Found)
2026-01-13T01:01:45.212+07:00  INFO 25672 --- [nio-8080-exec-8]  c.i.m.l.util.LoggingUtil                 : [] [] [] [] [REQ_FE] [lms-process] [] LMSProcessRequestDTO(transId=6285612345679320260113010203x1, channel=VMS, action=UPDATE, serviceName=LMS_UPDATE_VOUCHER, serviceData=LMSProcessRequestDTO.ServiceDataDTO(referenceId=6285612345679320260113010203x1, msisdn=62856123456793, voucherCode=6285612345679320260113010203x1X1X2X3, voucherStatus=CLAIMED, voucherType=VMS, voucherExpiryDate=2026-02-14 01:02:03, voucherIssueDate=2026-01-13 04:05:06, voucherUpdateDate=2026-01-14 04:05:07, productId=BDL120K TEST, productName=Klaim Benefit Vidio Platinum/VIU Anda sekarang! TEST UPDATE, productImageUrl=https://myim3asset.ioh.co.id/assets/myim3/imageassets/Vidio_and_VIU_328x126.png TEST UPDATE, landingUrl=https://landingurlvidioplatinumviu.com TEST UPDATE, outletName=VMS TEST UPDATE, tncInfo=1. Pelanggan hanya dapat melakukan login di aplikasi dengan nomor IM3 yang sama ketika membeli paket ini. 2. Masa aktif berlangganan berlangsung selama 30 hari sejak tanggal aktivasi. 3. Pelanggan hanya dapat menikmati layanan melalui perangkat mobile (smartphone/tablet). TEST UPDATE))
2026-01-13T01:01:45.213+07:00  INFO 25672 --- [nio-8080-exec-8]  c.i.m.l.util.LoggingUtil                 : [] [] [] [] [REQ] [processVoucher request : ] [] LMSProcessRequestDTO(transId=6285612345679320260113010203x1, channel=VMS, action=UPDATE, serviceName=LMS_UPDATE_VOUCHER, serviceData=LMSProcessRequestDTO.ServiceDataDTO(referenceId=6285612345679320260113010203x1, msisdn=62856123456793, voucherCode=6285612345679320260113010203x1X1X2X3, voucherStatus=CLAIMED, voucherType=VMS, voucherExpiryDate=2026-02-14 01:02:03, voucherIssueDate=2026-01-13 04:05:06, voucherUpdateDate=2026-01-14 04:05:07, productId=BDL120K TEST, productName=Klaim Benefit Vidio Platinum/VIU Anda sekarang! TEST UPDATE, productImageUrl=https://myim3asset.ioh.co.id/assets/myim3/imageassets/Vidio_and_VIU_328x126.png TEST UPDATE, landingUrl=https://landingurlvidioplatinumviu.com TEST UPDATE, outletName=VMS TEST UPDATE, tncInfo=1. Pelanggan hanya dapat melakukan login di aplikasi dengan nomor IM3 yang sama ketika membeli paket ini. 2. Masa aktif berlangganan berlangsung selama 30 hari sejak tanggal aktivasi. 3. Pelanggan hanya dapat menikmati layanan melalui perangkat mobile (smartphone/tablet). TEST UPDATE))
2026-01-13T01:01:45.331+07:00  INFO 25672 --- [nio-8080-exec-8]  c.i.m.l.util.LoggingUtil                 : [] [] [] [] [REQ] [updateVoucher request : ] [] LMSProcessRequestDTO(transId=6285612345679320260113010203x1, channel=VMS, action=UPDATE, serviceName=LMS_UPDATE_VOUCHER, serviceData=LMSProcessRequestDTO.ServiceDataDTO(referenceId=6285612345679320260113010203x1, msisdn=62856123456793, voucherCode=6285612345679320260113010203x1X1X2X3, voucherStatus=CLAIMED, voucherType=VMS, voucherExpiryDate=2026-02-14 01:02:03, voucherIssueDate=2026-01-13 04:05:06, voucherUpdateDate=2026-01-14 04:05:07, productId=BDL120K TEST, productName=Klaim Benefit Vidio Platinum/VIU Anda sekarang! TEST UPDATE, productImageUrl=https://myim3asset.ioh.co.id/assets/myim3/imageassets/Vidio_and_VIU_328x126.png TEST UPDATE, landingUrl=https://landingurlvidioplatinumviu.com TEST UPDATE, outletName=VMS TEST UPDATE, tncInfo=1. Pelanggan hanya dapat melakukan login di aplikasi dengan nomor IM3 yang sama ketika membeli paket ini. 2. Masa aktif berlangganan berlangsung selama 30 hari sejak tanggal aktivasi. 3. Pelanggan hanya dapat menikmati layanan melalui perangkat mobile (smartphone/tablet). TEST UPDATE))
2026-01-13T01:01:45.419+07:00  INFO 25672 --- [nio-8080-exec-8]  c.i.m.l.util.LoggingUtil                 : [] [] [] [] [RES] [updateVoucher response : ] [] LMSProcessResponseDTO(transId=6285612345679320260113010203x1, channel=VMS, action=UPDATE, serviceName=LMS_UPDATE_VOUCHER, serviceData=null, responseCode=0, responseMessage=SUCCESS)
2026-01-13T01:01:45.420+07:00  INFO 25672 --- [nio-8080-exec-8]  c.i.m.l.util.LoggingUtil                 : [] [] [] [] [RES] [processVoucher response : ] [] LMSProcessResponseDTO(transId=6285612345679320260113010203x1, channel=VMS, action=UPDATE, serviceName=LMS_UPDATE_VOUCHER, serviceData=null, responseCode=0, responseMessage=SUCCESS)
2026-01-13T01:01:45.420+07:00  INFO 25672 --- [nio-8080-exec-8]  c.i.m.l.util.LoggingUtil                 : [] [] [] [] [RES_FE] [lms-process] [] LMSProcessResponseDTO(transId=6285612345679320260113010203x1, channel=VMS, action=UPDATE, serviceName=LMS_UPDATE_VOUCHER, serviceData=null, responseCode=0, responseMessage=SUCCESS)
2026-01-13T01:02:02.951+07:00  INFO 25672 --- [nio-8080-exec-9]  c.i.m.l.util.LoggingUtil                 : [] [] [] [] [REQ_FE] [lms-process] [] LMSProcessRequestDTO(transId=6285612345679320260113010203x1, channel=VMS, action=UPDATE, serviceName=LMS_UPDATE_VOUCHER, serviceData=LMSProcessRequestDTO.ServiceDataDTO(referenceId=6285612345679320260113010203x1, msisdn=62856123456793, voucherCode=6285612345679320260113010203x1X1X2X3, voucherStatus=CLAIMED, voucherType=VMS TEST, voucherExpiryDate=2026-02-13 01:02:03, voucherIssueDate=2026-01-13 04:05:06, voucherUpdateDate=2026-01-14 04:05:07, productId=BDL120K TEST, productName=Klaim Benefit Vidio Platinum/VIU Anda sekarang! TEST UPDATE, productImageUrl=https://myim3asset.ioh.co.id/assets/myim3/imageassets/Vidio_and_VIU_328x126.png TEST UPDATE, landingUrl=https://landingurlvidioplatinumviu.com TEST UPDATE, outletName=VMS TEST UPDATE, tncInfo=1. Pelanggan hanya dapat melakukan login di aplikasi dengan nomor IM3 yang sama ketika membeli paket ini. 2. Masa aktif berlangganan berlangsung selama 30 hari sejak tanggal aktivasi. 3. Pelanggan hanya dapat menikmati layanan melalui perangkat mobile (smartphone/tablet). TEST UPDATE))
2026-01-13T01:02:02.952+07:00  INFO 25672 --- [nio-8080-exec-9]  c.i.m.l.util.LoggingUtil                 : [] [] [] [] [REQ] [processVoucher request : ] [] LMSProcessRequestDTO(transId=6285612345679320260113010203x1, channel=VMS, action=UPDATE, serviceName=LMS_UPDATE_VOUCHER, serviceData=LMSProcessRequestDTO.ServiceDataDTO(referenceId=6285612345679320260113010203x1, msisdn=62856123456793, voucherCode=6285612345679320260113010203x1X1X2X3, voucherStatus=CLAIMED, voucherType=VMS TEST, voucherExpiryDate=2026-02-13 01:02:03, voucherIssueDate=2026-01-13 04:05:06, voucherUpdateDate=2026-01-14 04:05:07, productId=BDL120K TEST, productName=Klaim Benefit Vidio Platinum/VIU Anda sekarang! TEST UPDATE, productImageUrl=https://myim3asset.ioh.co.id/assets/myim3/imageassets/Vidio_and_VIU_328x126.png TEST UPDATE, landingUrl=https://landingurlvidioplatinumviu.com TEST UPDATE, outletName=VMS TEST UPDATE, tncInfo=1. Pelanggan hanya dapat melakukan login di aplikasi dengan nomor IM3 yang sama ketika membeli paket ini. 2. Masa aktif berlangganan berlangsung selama 30 hari sejak tanggal aktivasi. 3. Pelanggan hanya dapat menikmati layanan melalui perangkat mobile (smartphone/tablet). TEST UPDATE))
2026-01-13T01:02:03.112+07:00  INFO 25672 --- [nio-8080-exec-9]  c.i.m.l.util.LoggingUtil                 : [] [] [] [] [REQ] [updateVoucher request : ] [] LMSProcessRequestDTO(transId=6285612345679320260113010203x1, channel=VMS, action=UPDATE, serviceName=LMS_UPDATE_VOUCHER, serviceData=LMSProcessRequestDTO.ServiceDataDTO(referenceId=6285612345679320260113010203x1, msisdn=62856123456793, voucherCode=6285612345679320260113010203x1X1X2X3, voucherStatus=CLAIMED, voucherType=VMS TEST, voucherExpiryDate=2026-02-13 01:02:03, voucherIssueDate=2026-01-13 04:05:06, voucherUpdateDate=2026-01-14 04:05:07, productId=BDL120K TEST, productName=Klaim Benefit Vidio Platinum/VIU Anda sekarang! TEST UPDATE, productImageUrl=https://myim3asset.ioh.co.id/assets/myim3/imageassets/Vidio_and_VIU_328x126.png TEST UPDATE, landingUrl=https://landingurlvidioplatinumviu.com TEST UPDATE, outletName=VMS TEST UPDATE, tncInfo=1. Pelanggan hanya dapat melakukan login di aplikasi dengan nomor IM3 yang sama ketika membeli paket ini. 2. Masa aktif berlangganan berlangsung selama 30 hari sejak tanggal aktivasi. 3. Pelanggan hanya dapat menikmati layanan melalui perangkat mobile (smartphone/tablet). TEST UPDATE))
2026-01-13T01:02:03.203+07:00  INFO 25672 --- [nio-8080-exec-9]  c.i.m.l.util.LoggingUtil                 : [] [] [] [] [RES] [updateVoucher response : ] [] LMSProcessResponseDTO(transId=6285612345679320260113010203x1, channel=VMS, action=UPDATE, serviceName=LMS_UPDATE_VOUCHER, serviceData=null, responseCode=0, responseMessage=SUCCESS)
2026-01-13T01:02:03.203+07:00  INFO 25672 --- [nio-8080-exec-9]  c.i.m.l.util.LoggingUtil                 : [] [] [] [] [RES] [processVoucher response : ] [] LMSProcessResponseDTO(transId=6285612345679320260113010203x1, channel=VMS, action=UPDATE, serviceName=LMS_UPDATE_VOUCHER, serviceData=null, responseCode=0, responseMessage=SUCCESS)
2026-01-13T01:02:03.204+07:00  INFO 25672 --- [nio-8080-exec-9]  c.i.m.l.util.LoggingUtil                 : [] [] [] [] [RES_FE] [lms-process] [] LMSProcessResponseDTO(transId=6285612345679320260113010203x1, channel=VMS, action=UPDATE, serviceName=LMS_UPDATE_VOUCHER, serviceData=null, responseCode=0, responseMessage=SUCCESS)
2026-01-13T01:02:44.165+07:00  INFO 25672 --- [io-8080-exec-10]  c.i.m.l.util.LoggingUtil                 : [] [] [] [] [REQ_FE] [lms-process] [] LMSProcessRequestDTO(transId=6285612345679320260113010203x1, channel=VMS, action=UPDATE, serviceName=LMS_UPDATE_VOUCHER, serviceData=LMSProcessRequestDTO.ServiceDataDTO(referenceId=6285612345679320260113010203x1, msisdn=62856123456793, voucherCode=6285612345679320260113010203x1X1X2X3, voucherStatus=CLAIMED, voucherType=VMS TEST, voucherExpiryDate=2026-02-13 01:02:03, voucherIssueDate=2026-01-13 04:05:06, voucherUpdateDate=2026-01-14 04:05:07, productId=BDL120K TEST, productName=Klaim Benefit Vidio Platinum/VIU Anda sekarang! TEST UPDATE, productImageUrl=https://myim3asset.ioh.co.id/assets/myim3/imageassets/Vidio_and_VIU_328x126.png TEST UPDATE, landingUrl=https://landingurlvidioplatinumviu.com TEST UPDATE, outletName=VMS TEST UPDATE, tncInfo=1. Pelanggan hanya dapat melakukan login di aplikasi dengan nomor IM3 yang sama ketika membeli paket ini. 2. Masa aktif berlangganan berlangsung selama 30 hari sejak tanggal aktivasi. 3. Pelanggan hanya dapat menikmati layanan melalui perangkat mobile (smartphone/tablet). TEST UPDATE))
2026-01-13T01:02:44.166+07:00  INFO 25672 --- [io-8080-exec-10]  c.i.m.l.util.LoggingUtil                 : [] [] [] [] [REQ] [processVoucher request : ] [] LMSProcessRequestDTO(transId=6285612345679320260113010203x1, channel=VMS, action=UPDATE, serviceName=LMS_UPDATE_VOUCHER, serviceData=LMSProcessRequestDTO.ServiceDataDTO(referenceId=6285612345679320260113010203x1, msisdn=62856123456793, voucherCode=6285612345679320260113010203x1X1X2X3, voucherStatus=CLAIMED, voucherType=VMS TEST, voucherExpiryDate=2026-02-13 01:02:03, voucherIssueDate=2026-01-13 04:05:06, voucherUpdateDate=2026-01-14 04:05:07, productId=BDL120K TEST, productName=Klaim Benefit Vidio Platinum/VIU Anda sekarang! TEST UPDATE, productImageUrl=https://myim3asset.ioh.co.id/assets/myim3/imageassets/Vidio_and_VIU_328x126.png TEST UPDATE, landingUrl=https://landingurlvidioplatinumviu.com TEST UPDATE, outletName=VMS TEST UPDATE, tncInfo=1. Pelanggan hanya dapat melakukan login di aplikasi dengan nomor IM3 yang sama ketika membeli paket ini. 2. Masa aktif berlangganan berlangsung selama 30 hari sejak tanggal aktivasi. 3. Pelanggan hanya dapat menikmati layanan melalui perangkat mobile (smartphone/tablet). TEST UPDATE))
2026-01-13T01:02:44.423+07:00  INFO 25672 --- [io-8080-exec-10]  c.i.m.l.util.LoggingUtil                 : [] [] [] [] [REQ] [updateVoucher request : ] [] LMSProcessRequestDTO(transId=6285612345679320260113010203x1, channel=VMS, action=UPDATE, serviceName=LMS_UPDATE_VOUCHER, serviceData=LMSProcessRequestDTO.ServiceDataDTO(referenceId=6285612345679320260113010203x1, msisdn=62856123456793, voucherCode=6285612345679320260113010203x1X1X2X3, voucherStatus=CLAIMED, voucherType=VMS TEST, voucherExpiryDate=2026-02-13 01:02:03, voucherIssueDate=2026-01-13 04:05:06, voucherUpdateDate=2026-01-14 04:05:07, productId=BDL120K TEST, productName=Klaim Benefit Vidio Platinum/VIU Anda sekarang! TEST UPDATE, productImageUrl=https://myim3asset.ioh.co.id/assets/myim3/imageassets/Vidio_and_VIU_328x126.png TEST UPDATE, landingUrl=https://landingurlvidioplatinumviu.com TEST UPDATE, outletName=VMS TEST UPDATE, tncInfo=1. Pelanggan hanya dapat melakukan login di aplikasi dengan nomor IM3 yang sama ketika membeli paket ini. 2. Masa aktif berlangganan berlangsung selama 30 hari sejak tanggal aktivasi. 3. Pelanggan hanya dapat menikmati layanan melalui perangkat mobile (smartphone/tablet). TEST UPDATE))
2026-01-13T01:02:44.497+07:00  WARN 25672 --- [io-8080-exec-10]  org.hibernate.orm.jdbc.error             : [] [] [] [] [REQ] [updateVoucher request : ] [] HHH000247: ErrorCode: 12899, SQLState: 72000
2026-01-13T01:02:44.497+07:00  WARN 25672 --- [io-8080-exec-10]  org.hibernate.orm.jdbc.error             : [] [] [] [] [REQ] [updateVoucher request : ] [] ORA-12899: value too large for column "SSP"."LMS_VOUCHER_MANAGEMENT"."PRODUCTID" (actual: 21, maximum: 20)

2026-01-13T01:02:44.530+07:00 ERROR 25672 --- [io-8080-exec-10]  c.i.m.l.util.LoggingUtil                 : [] [] [] [] [ERROR] [processVoucher --> System Error : ] [] could not execute statement [ORA-12899: value too large for column "SSP"."LMS_VOUCHER_MANAGEMENT"."PRODUCTID" (actual: 21, maximum: 20) ] [update ssp.lms_voucher_management set landingurl=?,msisdn=?,outletname=?,productid=?,productimageurl=?,productname=?,tncinfo=?,vouchercode=?,voucherexpriydate=?,voucherissueddate=?,voucherstatus=?,vouchertype=?,voucherupdatedate=? where referenceid=?] could not execute statement [ORA-12899: value too large for column "SSP"."LMS_VOUCHER_MANAGEMENT"."PRODUCTID" (actual: 21, maximum: 20)
] [update ssp.lms_voucher_management set landingurl=?,msisdn=?,outletname=?,productid=?,productimageurl=?,productname=?,tncinfo=?,vouchercode=?,voucherexpriydate=?,voucherissueddate=?,voucherstatus=?,vouchertype=?,voucherupdatedate=? where referenceid=?]
2026-01-13T01:02:44.531+07:00 ERROR 25672 --- [io-8080-exec-10]  c.i.m.l.util.LoggingUtil                 : [] [] [] [] [ERROR] [lmsProcessVoucher --> Exception : ] [] could not execute statement [ORA-12899: value too large for column "SSP"."LMS_VOUCHER_MANAGEMENT"."PRODUCTID" (actual: 21, maximum: 20) ] [update ssp.lms_voucher_management set landingurl=?,msisdn=?,outletname=?,productid=?,productimageurl=?,productname=?,tncinfo=?,vouchercode=?,voucherexpriydate=?,voucherissueddate=?,voucherstatus=?,vouchertype=?,voucherupdatedate=? where referenceid=?] could not execute statement [ORA-12899: value too large for column "SSP"."LMS_VOUCHER_MANAGEMENT"."PRODUCTID" (actual: 21, maximum: 20)
] [update ssp.lms_voucher_management set landingurl=?,msisdn=?,outletname=?,productid=?,productimageurl=?,productname=?,tncinfo=?,vouchercode=?,voucherexpriydate=?,voucherissueddate=?,voucherstatus=?,vouchertype=?,voucherupdatedate=? where referenceid=?]
2026-01-13T01:04:56.032+07:00  INFO 25672 --- [nio-8080-exec-1]  c.i.m.l.util.LoggingUtil                 : [] [] [] [] [REQ_FE] [lms-process] [] LMSProcessRequestDTO(transId=6285612345679320260113010203x1, channel=VMS, action=INQUIRY, serviceName=LMS_INQUIRY_VOUCHER, serviceData=LMSProcessRequestDTO.ServiceDataDTO(referenceId=6285612345679320260113010203x1, msisdn=null, voucherCode=null, voucherStatus=null, voucherType=null, voucherExpiryDate=null, voucherIssueDate=null, voucherUpdateDate=null, productId=null, productName=null, productImageUrl=null, landingUrl=null, outletName=null, tncInfo=null))
2026-01-13T01:04:56.033+07:00  INFO 25672 --- [nio-8080-exec-1]  c.i.m.l.util.LoggingUtil                 : [] [] [] [] [REQ] [processVoucher request : ] [] LMSProcessRequestDTO(transId=6285612345679320260113010203x1, channel=VMS, action=INQUIRY, serviceName=LMS_INQUIRY_VOUCHER, serviceData=LMSProcessRequestDTO.ServiceDataDTO(referenceId=6285612345679320260113010203x1, msisdn=null, voucherCode=null, voucherStatus=null, voucherType=null, voucherExpiryDate=null, voucherIssueDate=null, voucherUpdateDate=null, productId=null, productName=null, productImageUrl=null, landingUrl=null, outletName=null, tncInfo=null))
2026-01-13T01:04:56.033+07:00  INFO 25672 --- [nio-8080-exec-1]  c.i.m.l.util.LoggingUtil                 : [] [] [] [] [REQ] [inquiryVoucher request : ] [] LMSProcessRequestDTO(transId=6285612345679320260113010203x1, channel=VMS, action=INQUIRY, serviceName=LMS_INQUIRY_VOUCHER, serviceData=LMSProcessRequestDTO.ServiceDataDTO(referenceId=6285612345679320260113010203x1, msisdn=null, voucherCode=null, voucherStatus=null, voucherType=null, voucherExpiryDate=null, voucherIssueDate=null, voucherUpdateDate=null, productId=null, productName=null, productImageUrl=null, landingUrl=null, outletName=null, tncInfo=null))
2026-01-13T01:04:56.163+07:00  INFO 25672 --- [nio-8080-exec-1]  c.i.m.l.util.LoggingUtil                 : [] [] [] [] [RES] [inquiryVoucher response : ] [] LMSProcessResponseDTO(transId=6285612345679320260113010203x1, channel=VMS, action=INQUIRY, serviceName=LMS_INQUIRY_VOUCHER, serviceData=LMSProcessResponseDTO.ServiceDataDTO(referenceId=6285612345679320260113010203x1, msisdn=62856123456793, voucherCode=6285612345679320260113010203x1X1X2X3, voucherStatus=CLAIMED, voucherType=VMS TEST, voucherExpiryDate=2026-02-13T01:02:03, voucherIssueDate=2026-01-13T04:05:06, voucherUpdateDate=2026-01-13T01:02:03.113688, productId=BDL120K TEST, productName=Klaim Benefit Vidio Platinum/VIU Anda sekarang! TEST UPDATE, productImageUrl=https://myim3asset.ioh.co.id/assets/myim3/imageassets/Vidio_and_VIU_328x126.png TEST UPDATE, landingUrl=https://landingurlvidioplatinumviu.com TEST UPDATE, outletName=VMS TEST UPDATE, tncInfo=1. Pelanggan hanya dapat melakukan login di aplikasi dengan nomor IM3 yang sama ketika membeli paket ini. 2. Masa aktif berlangganan berlangsung selama 30 hari sejak tanggal aktivasi. 3. Pelanggan hanya dapat menikmati layanan melalui perangkat mobile (smartphone/tablet). TEST UPDATE), responseCode=0, responseMessage=SUCCESS)
2026-01-13T01:04:56.164+07:00  INFO 25672 --- [nio-8080-exec-1]  c.i.m.l.util.LoggingUtil                 : [] [] [] [] [RES] [processVoucher response : ] [] LMSProcessResponseDTO(transId=6285612345679320260113010203x1, channel=VMS, action=INQUIRY, serviceName=LMS_INQUIRY_VOUCHER, serviceData=LMSProcessResponseDTO.ServiceDataDTO(referenceId=6285612345679320260113010203x1, msisdn=62856123456793, voucherCode=6285612345679320260113010203x1X1X2X3, voucherStatus=CLAIMED, voucherType=VMS TEST, voucherExpiryDate=2026-02-13T01:02:03, voucherIssueDate=2026-01-13T04:05:06, voucherUpdateDate=2026-01-13T01:02:03.113688, productId=BDL120K TEST, productName=Klaim Benefit Vidio Platinum/VIU Anda sekarang! TEST UPDATE, productImageUrl=https://myim3asset.ioh.co.id/assets/myim3/imageassets/Vidio_and_VIU_328x126.png TEST UPDATE, landingUrl=https://landingurlvidioplatinumviu.com TEST UPDATE, outletName=VMS TEST UPDATE, tncInfo=1. Pelanggan hanya dapat melakukan login di aplikasi dengan nomor IM3 yang sama ketika membeli paket ini. 2. Masa aktif berlangganan berlangsung selama 30 hari sejak tanggal aktivasi. 3. Pelanggan hanya dapat menikmati layanan melalui perangkat mobile (smartphone/tablet). TEST UPDATE), responseCode=0, responseMessage=SUCCESS)
2026-01-13T01:04:56.164+07:00  INFO 25672 --- [nio-8080-exec-1]  c.i.m.l.util.LoggingUtil                 : [] [] [] [] [RES_FE] [lms-process] [] LMSProcessResponseDTO(transId=6285612345679320260113010203x1, channel=VMS, action=INQUIRY, serviceName=LMS_INQUIRY_VOUCHER, serviceData=LMSProcessResponseDTO.ServiceDataDTO(referenceId=6285612345679320260113010203x1, msisdn=62856123456793, voucherCode=6285612345679320260113010203x1X1X2X3, voucherStatus=CLAIMED, voucherType=VMS TEST, voucherExpiryDate=2026-02-13T01:02:03, voucherIssueDate=2026-01-13T04:05:06, voucherUpdateDate=2026-01-13T01:02:03.113688, productId=BDL120K TEST, productName=Klaim Benefit Vidio Platinum/VIU Anda sekarang! TEST UPDATE, productImageUrl=https://myim3asset.ioh.co.id/assets/myim3/imageassets/Vidio_and_VIU_328x126.png TEST UPDATE, landingUrl=https://landingurlvidioplatinumviu.com TEST UPDATE, outletName=VMS TEST UPDATE, tncInfo=1. Pelanggan hanya dapat melakukan login di aplikasi dengan nomor IM3 yang sama ketika membeli paket ini. 2. Masa aktif berlangganan berlangsung selama 30 hari sejak tanggal aktivasi. 3. Pelanggan hanya dapat menikmati layanan melalui perangkat mobile (smartphone/tablet). TEST UPDATE), responseCode=0, responseMessage=SUCCESS)
2026-01-13T01:05:23.643+07:00  INFO 25672 --- [nio-8080-exec-3]  c.i.m.l.util.LoggingUtil                 : [] [] [] [] [REQ_FE] [lms-process] [] LMSProcessRequestDTO(transId=6285612345679320260113010203x1, channel=VMS, action=UPDATE, serviceName=LMS_UPDATE_VOUCHER, serviceData=LMSProcessRequestDTO.ServiceDataDTO(referenceId=6285612345679320260113010203x1, msisdn=62856123456793, voucherCode=6285612345679320260113010203x1X1X2X3, voucherStatus=ACTIVE, voucherType=VMS, voucherExpiryDate=2026-02-13 01:02:03, voucherIssueDate=2026-01-13 04:05:06, voucherUpdateDate=2026-01-13 04:05:07, productId=BDL120K, productName=Klaim Benefit Vidio Platinum/VIU Anda sekarang!, productImageUrl=https://myim3asset.ioh.co.id/assets/myim3/imageassets/Vidio_and_VIU_328x126.png, landingUrl=https://landingurlvidioplatinumviu.com, outletName=VMS, tncInfo=1. Pelanggan hanya dapat melakukan login di aplikasi dengan nomor IM3 yang sama ketika membeli paket ini. 2. Masa aktif berlangganan berlangsung selama 30 hari sejak tanggal aktivasi. 3. Pelanggan hanya dapat menikmati layanan melalui perangkat mobile (smartphone/tablet).))
2026-01-13T01:05:23.644+07:00  INFO 25672 --- [nio-8080-exec-3]  c.i.m.l.util.LoggingUtil                 : [] [] [] [] [REQ] [processVoucher request : ] [] LMSProcessRequestDTO(transId=6285612345679320260113010203x1, channel=VMS, action=UPDATE, serviceName=LMS_UPDATE_VOUCHER, serviceData=LMSProcessRequestDTO.ServiceDataDTO(referenceId=6285612345679320260113010203x1, msisdn=62856123456793, voucherCode=6285612345679320260113010203x1X1X2X3, voucherStatus=ACTIVE, voucherType=VMS, voucherExpiryDate=2026-02-13 01:02:03, voucherIssueDate=2026-01-13 04:05:06, voucherUpdateDate=2026-01-13 04:05:07, productId=BDL120K, productName=Klaim Benefit Vidio Platinum/VIU Anda sekarang!, productImageUrl=https://myim3asset.ioh.co.id/assets/myim3/imageassets/Vidio_and_VIU_328x126.png, landingUrl=https://landingurlvidioplatinumviu.com, outletName=VMS, tncInfo=1. Pelanggan hanya dapat melakukan login di aplikasi dengan nomor IM3 yang sama ketika membeli paket ini. 2. Masa aktif berlangganan berlangsung selama 30 hari sejak tanggal aktivasi. 3. Pelanggan hanya dapat menikmati layanan melalui perangkat mobile (smartphone/tablet).))
2026-01-13T01:05:23.763+07:00  INFO 25672 --- [nio-8080-exec-3]  c.i.m.l.util.LoggingUtil                 : [] [] [] [] [REQ] [updateVoucher request : ] [] LMSProcessRequestDTO(transId=6285612345679320260113010203x1, channel=VMS, action=UPDATE, serviceName=LMS_UPDATE_VOUCHER, serviceData=LMSProcessRequestDTO.ServiceDataDTO(referenceId=6285612345679320260113010203x1, msisdn=62856123456793, voucherCode=6285612345679320260113010203x1X1X2X3, voucherStatus=ACTIVE, voucherType=VMS, voucherExpiryDate=2026-02-13 01:02:03, voucherIssueDate=2026-01-13 04:05:06, voucherUpdateDate=2026-01-13 04:05:07, productId=BDL120K, productName=Klaim Benefit Vidio Platinum/VIU Anda sekarang!, productImageUrl=https://myim3asset.ioh.co.id/assets/myim3/imageassets/Vidio_and_VIU_328x126.png, landingUrl=https://landingurlvidioplatinumviu.com, outletName=VMS, tncInfo=1. Pelanggan hanya dapat melakukan login di aplikasi dengan nomor IM3 yang sama ketika membeli paket ini. 2. Masa aktif berlangganan berlangsung selama 30 hari sejak tanggal aktivasi. 3. Pelanggan hanya dapat menikmati layanan melalui perangkat mobile (smartphone/tablet).))
2026-01-13T01:05:23.866+07:00  INFO 25672 --- [nio-8080-exec-3]  c.i.m.l.util.LoggingUtil                 : [] [] [] [] [RES] [updateVoucher response : ] [] LMSProcessResponseDTO(transId=6285612345679320260113010203x1, channel=VMS, action=UPDATE, serviceName=LMS_UPDATE_VOUCHER, serviceData=null, responseCode=0, responseMessage=SUCCESS)
2026-01-13T01:05:23.866+07:00  INFO 25672 --- [nio-8080-exec-3]  c.i.m.l.util.LoggingUtil                 : [] [] [] [] [RES] [processVoucher response : ] [] LMSProcessResponseDTO(transId=6285612345679320260113010203x1, channel=VMS, action=UPDATE, serviceName=LMS_UPDATE_VOUCHER, serviceData=null, responseCode=0, responseMessage=SUCCESS)
2026-01-13T01:05:23.866+07:00  INFO 25672 --- [nio-8080-exec-3]  c.i.m.l.util.LoggingUtil                 : [] [] [] [] [RES_FE] [lms-process] [] LMSProcessResponseDTO(transId=6285612345679320260113010203x1, channel=VMS, action=UPDATE, serviceName=LMS_UPDATE_VOUCHER, serviceData=null, responseCode=0, responseMessage=SUCCESS)
2026-01-13T01:05:27.236+07:00  INFO 25672 --- [nio-8080-exec-4]  c.i.m.l.util.LoggingUtil                 : [] [] [] [] [REQ_FE] [lms-process] [] LMSProcessRequestDTO(transId=6285612345679320260113010203x1, channel=VMS, action=INQUIRY, serviceName=LMS_INQUIRY_VOUCHER, serviceData=LMSProcessRequestDTO.ServiceDataDTO(referenceId=6285612345679320260113010203x1, msisdn=null, voucherCode=null, voucherStatus=null, voucherType=null, voucherExpiryDate=null, voucherIssueDate=null, voucherUpdateDate=null, productId=null, productName=null, productImageUrl=null, landingUrl=null, outletName=null, tncInfo=null))
2026-01-13T01:05:27.236+07:00  INFO 25672 --- [nio-8080-exec-4]  c.i.m.l.util.LoggingUtil                 : [] [] [] [] [REQ] [processVoucher request : ] [] LMSProcessRequestDTO(transId=6285612345679320260113010203x1, channel=VMS, action=INQUIRY, serviceName=LMS_INQUIRY_VOUCHER, serviceData=LMSProcessRequestDTO.ServiceDataDTO(referenceId=6285612345679320260113010203x1, msisdn=null, voucherCode=null, voucherStatus=null, voucherType=null, voucherExpiryDate=null, voucherIssueDate=null, voucherUpdateDate=null, productId=null, productName=null, productImageUrl=null, landingUrl=null, outletName=null, tncInfo=null))
2026-01-13T01:05:27.236+07:00  INFO 25672 --- [nio-8080-exec-4]  c.i.m.l.util.LoggingUtil                 : [] [] [] [] [REQ] [inquiryVoucher request : ] [] LMSProcessRequestDTO(transId=6285612345679320260113010203x1, channel=VMS, action=INQUIRY, serviceName=LMS_INQUIRY_VOUCHER, serviceData=LMSProcessRequestDTO.ServiceDataDTO(referenceId=6285612345679320260113010203x1, msisdn=null, voucherCode=null, voucherStatus=null, voucherType=null, voucherExpiryDate=null, voucherIssueDate=null, voucherUpdateDate=null, productId=null, productName=null, productImageUrl=null, landingUrl=null, outletName=null, tncInfo=null))
2026-01-13T01:05:27.360+07:00  INFO 25672 --- [nio-8080-exec-4]  c.i.m.l.util.LoggingUtil                 : [] [] [] [] [RES] [inquiryVoucher response : ] [] LMSProcessResponseDTO(transId=6285612345679320260113010203x1, channel=VMS, action=INQUIRY, serviceName=LMS_INQUIRY_VOUCHER, serviceData=LMSProcessResponseDTO.ServiceDataDTO(referenceId=6285612345679320260113010203x1, msisdn=62856123456793, voucherCode=6285612345679320260113010203x1X1X2X3, voucherStatus=ACTIVE, voucherType=VMS, voucherExpiryDate=2026-02-13T01:02:03, voucherIssueDate=2026-01-13T04:05:06, voucherUpdateDate=2026-01-13T01:05:23.764562, productId=BDL120K, productName=Klaim Benefit Vidio Platinum/VIU Anda sekarang!, productImageUrl=https://myim3asset.ioh.co.id/assets/myim3/imageassets/Vidio_and_VIU_328x126.png, landingUrl=https://landingurlvidioplatinumviu.com, outletName=VMS, tncInfo=1. Pelanggan hanya dapat melakukan login di aplikasi dengan nomor IM3 yang sama ketika membeli paket ini. 2. Masa aktif berlangganan berlangsung selama 30 hari sejak tanggal aktivasi. 3. Pelanggan hanya dapat menikmati layanan melalui perangkat mobile (smartphone/tablet).), responseCode=0, responseMessage=SUCCESS)
2026-01-13T01:05:27.360+07:00  INFO 25672 --- [nio-8080-exec-4]  c.i.m.l.util.LoggingUtil                 : [] [] [] [] [RES] [processVoucher response : ] [] LMSProcessResponseDTO(transId=6285612345679320260113010203x1, channel=VMS, action=INQUIRY, serviceName=LMS_INQUIRY_VOUCHER, serviceData=LMSProcessResponseDTO.ServiceDataDTO(referenceId=6285612345679320260113010203x1, msisdn=62856123456793, voucherCode=6285612345679320260113010203x1X1X2X3, voucherStatus=ACTIVE, voucherType=VMS, voucherExpiryDate=2026-02-13T01:02:03, voucherIssueDate=2026-01-13T04:05:06, voucherUpdateDate=2026-01-13T01:05:23.764562, productId=BDL120K, productName=Klaim Benefit Vidio Platinum/VIU Anda sekarang!, productImageUrl=https://myim3asset.ioh.co.id/assets/myim3/imageassets/Vidio_and_VIU_328x126.png, landingUrl=https://landingurlvidioplatinumviu.com, outletName=VMS, tncInfo=1. Pelanggan hanya dapat melakukan login di aplikasi dengan nomor IM3 yang sama ketika membeli paket ini. 2. Masa aktif berlangganan berlangsung selama 30 hari sejak tanggal aktivasi. 3. Pelanggan hanya dapat menikmati layanan melalui perangkat mobile (smartphone/tablet).), responseCode=0, responseMessage=SUCCESS)
2026-01-13T01:05:27.360+07:00  INFO 25672 --- [nio-8080-exec-4]  c.i.m.l.util.LoggingUtil                 : [] [] [] [] [RES_FE] [lms-process] [] LMSProcessResponseDTO(transId=6285612345679320260113010203x1, channel=VMS, action=INQUIRY, serviceName=LMS_INQUIRY_VOUCHER, serviceData=LMSProcessResponseDTO.ServiceDataDTO(referenceId=6285612345679320260113010203x1, msisdn=62856123456793, voucherCode=6285612345679320260113010203x1X1X2X3, voucherStatus=ACTIVE, voucherType=VMS, voucherExpiryDate=2026-02-13T01:02:03, voucherIssueDate=2026-01-13T04:05:06, voucherUpdateDate=2026-01-13T01:05:23.764562, productId=BDL120K, productName=Klaim Benefit Vidio Platinum/VIU Anda sekarang!, productImageUrl=https://myim3asset.ioh.co.id/assets/myim3/imageassets/Vidio_and_VIU_328x126.png, landingUrl=https://landingurlvidioplatinumviu.com, outletName=VMS, tncInfo=1. Pelanggan hanya dapat melakukan login di aplikasi dengan nomor IM3 yang sama ketika membeli paket ini. 2. Masa aktif berlangganan berlangsung selama 30 hari sejak tanggal aktivasi. 3. Pelanggan hanya dapat menikmati layanan melalui perangkat mobile (smartphone/tablet).), responseCode=0, responseMessage=SUCCESS)
2026-01-13T01:05:50.498+07:00  INFO 25672 --- [nio-8080-exec-5]  c.i.m.l.util.LoggingUtil                 : [] [] [] [] [REQ_FE] [lms-process] [] LMSProcessRequestDTO(transId=6285612345679320260113010203x1, channel=VMS, action=INQUIRY, serviceName=LMS_INQUIRY_VOUCHER, serviceData=LMSProcessRequestDTO.ServiceDataDTO(referenceId=6285612345679320260113010203x12, msisdn=null, voucherCode=null, voucherStatus=null, voucherType=null, voucherExpiryDate=null, voucherIssueDate=null, voucherUpdateDate=null, productId=null, productName=null, productImageUrl=null, landingUrl=null, outletName=null, tncInfo=null))
2026-01-13T01:05:50.499+07:00  INFO 25672 --- [nio-8080-exec-5]  c.i.m.l.util.LoggingUtil                 : [] [] [] [] [REQ] [processVoucher request : ] [] LMSProcessRequestDTO(transId=6285612345679320260113010203x1, channel=VMS, action=INQUIRY, serviceName=LMS_INQUIRY_VOUCHER, serviceData=LMSProcessRequestDTO.ServiceDataDTO(referenceId=6285612345679320260113010203x12, msisdn=null, voucherCode=null, voucherStatus=null, voucherType=null, voucherExpiryDate=null, voucherIssueDate=null, voucherUpdateDate=null, productId=null, productName=null, productImageUrl=null, landingUrl=null, outletName=null, tncInfo=null))
2026-01-13T01:05:50.499+07:00  INFO 25672 --- [nio-8080-exec-5]  c.i.m.l.util.LoggingUtil                 : [] [] [] [] [REQ] [inquiryVoucher request : ] [] LMSProcessRequestDTO(transId=6285612345679320260113010203x1, channel=VMS, action=INQUIRY, serviceName=LMS_INQUIRY_VOUCHER, serviceData=LMSProcessRequestDTO.ServiceDataDTO(referenceId=6285612345679320260113010203x12, msisdn=null, voucherCode=null, voucherStatus=null, voucherType=null, voucherExpiryDate=null, voucherIssueDate=null, voucherUpdateDate=null, productId=null, productName=null, productImageUrl=null, landingUrl=null, outletName=null, tncInfo=null))
2026-01-13T01:05:50.641+07:00  INFO 25672 --- [nio-8080-exec-5]  c.i.m.l.util.LoggingUtil                 : [] [] [] [] [RES] [inquiryVoucher err response : ] [] LMSProcessResponseDTO(transId=6285612345679320260113010203x1, channel=VMS, action=INQUIRY, serviceName=LMS_INQUIRY_VOUCHER, serviceData=null, responseCode=4, responseMessage=Data Not Found)
2026-01-13T01:05:50.642+07:00  INFO 25672 --- [nio-8080-exec-5]  c.i.m.l.util.LoggingUtil                 : [] [] [] [] [RES] [processVoucher response : ] [] LMSProcessResponseDTO(transId=6285612345679320260113010203x1, channel=VMS, action=INQUIRY, serviceName=LMS_INQUIRY_VOUCHER, serviceData=null, responseCode=4, responseMessage=Data Not Found)
2026-01-13T01:05:50.642+07:00  INFO 25672 --- [nio-8080-exec-5]  c.i.m.l.util.LoggingUtil                 : [] [] [] [] [RES_FE] [lms-process] [] LMSProcessResponseDTO(transId=6285612345679320260113010203x1, channel=VMS, action=INQUIRY, serviceName=LMS_INQUIRY_VOUCHER, serviceData=null, responseCode=4, responseMessage=Data Not Found)
2026-01-13T01:07:49.699+07:00  INFO 25672 --- [nio-8080-exec-8]  c.i.m.l.util.LoggingUtil                 : [] [] [] [] [REQ_FE] [lms-process] [] LMSProcessRequestDTO(transId=6285612345679320260113010203x1, channel=VMS, action=DELETE, serviceName=LMS_DELETE_VOUCHER, serviceData=LMSProcessRequestDTO.ServiceDataDTO(referenceId=6285612345679320260113010203x12, msisdn=null, voucherCode=null, voucherStatus=null, voucherType=null, voucherExpiryDate=null, voucherIssueDate=null, voucherUpdateDate=null, productId=null, productName=null, productImageUrl=null, landingUrl=null, outletName=null, tncInfo=null))
2026-01-13T01:07:49.699+07:00  INFO 25672 --- [nio-8080-exec-8]  c.i.m.l.util.LoggingUtil                 : [] [] [] [] [REQ] [processVoucher request : ] [] LMSProcessRequestDTO(transId=6285612345679320260113010203x1, channel=VMS, action=DELETE, serviceName=LMS_DELETE_VOUCHER, serviceData=LMSProcessRequestDTO.ServiceDataDTO(referenceId=6285612345679320260113010203x12, msisdn=null, voucherCode=null, voucherStatus=null, voucherType=null, voucherExpiryDate=null, voucherIssueDate=null, voucherUpdateDate=null, productId=null, productName=null, productImageUrl=null, landingUrl=null, outletName=null, tncInfo=null))
2026-01-13T01:07:49.838+07:00  INFO 25672 --- [nio-8080-exec-8]  c.i.m.l.util.LoggingUtil                 : [] [] [] [] [RES] [processVoucher response : ] [] LMSProcessResponseDTO(transId=6285612345679320260113010203x1, channel=VMS, action=DELETE, serviceName=LMS_DELETE_VOUCHER, serviceData=null, responseCode=3, responseMessage=Data Not Found)
2026-01-13T01:07:49.839+07:00  INFO 25672 --- [nio-8080-exec-8]  c.i.m.l.util.LoggingUtil                 : [] [] [] [] [RES_FE] [lms-process] [] LMSProcessResponseDTO(transId=6285612345679320260113010203x1, channel=VMS, action=DELETE, serviceName=LMS_DELETE_VOUCHER, serviceData=null, responseCode=3, responseMessage=Data Not Found)
2026-01-13T01:08:15.350+07:00  INFO 25672 --- [nio-8080-exec-9]  c.i.m.l.util.LoggingUtil                 : [] [] [] [] [REQ_FE] [lms-process] [] LMSProcessRequestDTO(transId=6285612345679320260113010203x1, channel=VMS, action=DELETE, serviceName=LMS_DELETE_VOUCHER, serviceData=LMSProcessRequestDTO.ServiceDataDTO(referenceId=6285612345679320260113010203x1, msisdn=null, voucherCode=null, voucherStatus=null, voucherType=null, voucherExpiryDate=null, voucherIssueDate=null, voucherUpdateDate=null, productId=null, productName=null, productImageUrl=null, landingUrl=null, outletName=null, tncInfo=null))
2026-01-13T01:08:15.350+07:00  INFO 25672 --- [nio-8080-exec-9]  c.i.m.l.util.LoggingUtil                 : [] [] [] [] [REQ] [processVoucher request : ] [] LMSProcessRequestDTO(transId=6285612345679320260113010203x1, channel=VMS, action=DELETE, serviceName=LMS_DELETE_VOUCHER, serviceData=LMSProcessRequestDTO.ServiceDataDTO(referenceId=6285612345679320260113010203x1, msisdn=null, voucherCode=null, voucherStatus=null, voucherType=null, voucherExpiryDate=null, voucherIssueDate=null, voucherUpdateDate=null, productId=null, productName=null, productImageUrl=null, landingUrl=null, outletName=null, tncInfo=null))
2026-01-13T01:08:15.484+07:00  INFO 25672 --- [nio-8080-exec-9]  c.i.m.l.util.LoggingUtil                 : [] [] [] [] [REQ] [deleteVoucher request : ] [] LMSProcessRequestDTO(transId=6285612345679320260113010203x1, channel=VMS, action=DELETE, serviceName=LMS_DELETE_VOUCHER, serviceData=LMSProcessRequestDTO.ServiceDataDTO(referenceId=6285612345679320260113010203x1, msisdn=null, voucherCode=null, voucherStatus=null, voucherType=null, voucherExpiryDate=null, voucherIssueDate=null, voucherUpdateDate=null, productId=null, productName=null, productImageUrl=null, landingUrl=null, outletName=null, tncInfo=null))
2026-01-13T01:08:15.639+07:00  INFO 25672 --- [nio-8080-exec-9]  c.i.m.l.util.LoggingUtil                 : [] [] [] [] [RES] [deleteVoucher response : ] [] LMSProcessResponseDTO(transId=6285612345679320260113010203x1, channel=VMS, action=DELETE, serviceName=LMS_DELETE_VOUCHER, serviceData=null, responseCode=0, responseMessage=SUCCESS)
2026-01-13T01:08:15.640+07:00  INFO 25672 --- [nio-8080-exec-9]  c.i.m.l.util.LoggingUtil                 : [] [] [] [] [RES] [processVoucher response : ] [] LMSProcessResponseDTO(transId=6285612345679320260113010203x1, channel=VMS, action=DELETE, serviceName=LMS_DELETE_VOUCHER, serviceData=null, responseCode=0, responseMessage=SUCCESS)
2026-01-13T01:08:15.640+07:00  INFO 25672 --- [nio-8080-exec-9]  c.i.m.l.util.LoggingUtil                 : [] [] [] [] [RES_FE] [lms-process] [] LMSProcessResponseDTO(transId=6285612345679320260113010203x1, channel=VMS, action=DELETE, serviceName=LMS_DELETE_VOUCHER, serviceData=null, responseCode=0, responseMessage=SUCCESS)
2026-01-13T02:01:44.481+07:00  WARN 25672 --- [iCP:housekeeper]  com.zaxxer.hikari.pool.PoolBase          : [] [] [] [] [] [] [] LoyalityManagement-HikariCP - Failed to validate connection oracle.jdbc.driver.T4CConnection@68671981 (IO Error: Invalid Operation, NOT Connected). Possibly consider using a shorter maxLifetime value.
2026-01-13T03:54:34.592+07:00  WARN 25672 --- [iCP:housekeeper]  com.zaxxer.hikari.pool.HikariPool        : [] [] [] [] [] [] [] LoyalityManagement-HikariCP - Thread starvation or clock leap detected (housekeeper delta=1h43m56s501ms140µs601ns).
2026-01-13T03:54:34.882+07:00  WARN 25672 --- [iCP:housekeeper]  com.zaxxer.hikari.pool.PoolBase          : [] [] [] [] [] [] [] LoyalityManagement-HikariCP - Failed to validate connection oracle.jdbc.driver.T4CConnection@5b566c19 (Closed Connection). Possibly consider using a shorter maxLifetime value.
2026-01-13T03:54:35.038+07:00  WARN 25672 --- [iCP:housekeeper]  com.zaxxer.hikari.pool.PoolBase          : [] [] [] [] [] [] [] LoyalityManagement-HikariCP - Failed to validate connection oracle.jdbc.driver.T4CConnection@3338afe4 (Closed Connection). Possibly consider using a shorter maxLifetime value.
2026-01-13T03:54:35.041+07:00  WARN 25672 --- [iCP:housekeeper]  com.zaxxer.hikari.pool.PoolBase          : [] [] [] [] [] [] [] LoyalityManagement-HikariCP - Failed to validate connection oracle.jdbc.driver.T4CConnection@5ffe7f30 (Closed Connection). Possibly consider using a shorter maxLifetime value.
2026-01-13T03:54:35.044+07:00  WARN 25672 --- [iCP:housekeeper]  com.zaxxer.hikari.pool.PoolBase          : [] [] [] [] [] [] [] LoyalityManagement-HikariCP - Failed to validate connection oracle.jdbc.driver.T4CConnection@b48a642 (Closed Connection). Possibly consider using a shorter maxLifetime value.
2026-01-13T03:54:35.094+07:00  WARN 25672 --- [iCP:housekeeper]  com.zaxxer.hikari.pool.PoolBase          : [] [] [] [] [] [] [] LoyalityManagement-HikariCP - Failed to validate connection oracle.jdbc.driver.T4CConnection@34ad1d81 (Closed Connection). Possibly consider using a shorter maxLifetime value.
2026-01-13T10:09:32.633+07:00  WARN 25672 --- [onnection-adder]  com.zaxxer.hikari.pool.PoolBase          : [] [] [] [] [] [] [] LoyalityManagement-HikariCP - Pool is empty, failed to create/setup connection (2cfb0e02-2e93-4570-84ed-cb52b4d201b8)

java.sql.SQLRecoverableException: IO Error: The Network Adapter could not establish the connection (CONNECTION_ID=u2m0ty4DSU2oJN59pEVl6g==)
	at oracle.jdbc.driver.T4CConnection.handleLogonNetException(T4CConnection.java:892)
	at oracle.jdbc.driver.T4CConnection.logon(T4CConnection.java:697)
	at oracle.jdbc.driver.PhysicalConnection.connect(PhysicalConnection.java:1047)
	at oracle.jdbc.driver.T4CDriverExtension.getConnection(T4CDriverExtension.java:89)
	at oracle.jdbc.driver.OracleDriver.connect(OracleDriver.java:732)
	at oracle.jdbc.driver.OracleDriver.connect(OracleDriver.java:648)
	at com.zaxxer.hikari.util.DriverDataSource.getConnection(DriverDataSource.java:144)
	at com.zaxxer.hikari.pool.PoolBase.newConnection(PoolBase.java:373)
	at com.zaxxer.hikari.pool.PoolBase.newPoolEntry(PoolBase.java:210)
	at com.zaxxer.hikari.pool.HikariPool.createPoolEntry(HikariPool.java:488)
	at com.zaxxer.hikari.pool.HikariPool$PoolEntryCreator.call(HikariPool.java:752)
	at com.zaxxer.hikari.pool.HikariPool$PoolEntryCreator.call(HikariPool.java:731)
	at java.base/java.util.concurrent.FutureTask.run(FutureTask.java:317)
	at java.base/java.util.concurrent.ThreadPoolExecutor.runWorker(ThreadPoolExecutor.java:1144)
	at java.base/java.util.concurrent.ThreadPoolExecutor$Worker.run(ThreadPoolExecutor.java:642)
	at java.base/java.lang.Thread.run(Thread.java:1583)
Caused by: oracle.net.ns.NetException: The Network Adapter could not establish the connection (CONNECTION_ID=u2m0ty4DSU2oJN59pEVl6g==)
	at oracle.net.nt.ConnStrategy.execute(ConnStrategy.java:715)
	at oracle.net.resolver.AddrResolution.resolveAndExecute(AddrResolution.java:584)
	at oracle.net.ns.NSProtocol.establishConnection(NSProtocol.java:964)
	at oracle.net.ns.NSProtocol.connect(NSProtocol.java:350)
	at oracle.jdbc.driver.T4CConnection.connect(T4CConnection.java:2441)
	at oracle.jdbc.driver.T4CConnection.logon(T4CConnection.java:656)
	... 14 common frames omitted
Caused by: java.io.IOException: No route to host: connect, socket connect lapse 103 ms. 10.147.114.11 1521  30000 (1/1) true
	at oracle.net.nt.TcpNTAdapter.establishSocket(TcpNTAdapter.java:425)
	at oracle.net.nt.TcpNTAdapter.doLocalDNSLookupConnect(TcpNTAdapter.java:307)
	at oracle.net.nt.TcpNTAdapter.connect(TcpNTAdapter.java:269)
	at oracle.net.nt.ConnOption.connect(ConnOption.java:230)
	at oracle.net.nt.ConnStrategy.executeConnOption(ConnStrategy.java:1014)
	at oracle.net.nt.ConnStrategy.execute(ConnStrategy.java:673)
	... 19 common frames omitted
Caused by: java.net.NoRouteToHostException: No route to host: connect
	at java.base/sun.nio.ch.Net.connect0(Native Method)
	at java.base/sun.nio.ch.Net.connect(Net.java:597)
	at java.base/sun.nio.ch.Net.connect(Net.java:604)
	at java.base/sun.nio.ch.SocketChannelImpl.connect(SocketChannelImpl.java:880)
	at java.base/java.nio.channels.SocketChannel.open(SocketChannel.java:285)
	at oracle.net.nt.TimeoutSocketChannel.connect(TimeoutSocketChannel.java:183)
	at oracle.net.nt.TimeoutSocketChannel.<init>(TimeoutSocketChannel.java:157)
	at oracle.net.nt.TcpNTAdapter.establishSocket(TcpNTAdapter.java:384)
	... 24 common frames omitted

2026-01-13T10:09:55.999+07:00  WARN 25672 --- [iCP:housekeeper]  com.zaxxer.hikari.pool.HikariPool        : [] [] [] [] [] [] [] LoyalityManagement-HikariCP - Thread starvation or clock leap detected (housekeeper delta=6h15m21s406ms784µs600ns).
2026-01-13T10:10:57.088+07:00  WARN 25672 --- [onnection-adder]  com.zaxxer.hikari.pool.PoolBase          : [] [] [] [] [] [] [] LoyalityManagement-HikariCP - Pool is empty, failed to create/setup connection (dae2fd8e-89e6-4804-8118-ef0c67829d07)

java.sql.SQLRecoverableException: IO Error: The Network Adapter could not establish the connection (CONNECTION_ID=oFjLtHo5QoishtfhmjX0OQ==)
	at oracle.jdbc.driver.T4CConnection.handleLogonNetException(T4CConnection.java:892)
	at oracle.jdbc.driver.T4CConnection.logon(T4CConnection.java:697)
	at oracle.jdbc.driver.PhysicalConnection.connect(PhysicalConnection.java:1047)
	at oracle.jdbc.driver.T4CDriverExtension.getConnection(T4CDriverExtension.java:89)
	at oracle.jdbc.driver.OracleDriver.connect(OracleDriver.java:732)
	at oracle.jdbc.driver.OracleDriver.connect(OracleDriver.java:648)
	at com.zaxxer.hikari.util.DriverDataSource.getConnection(DriverDataSource.java:144)
	at com.zaxxer.hikari.pool.PoolBase.newConnection(PoolBase.java:373)
	at com.zaxxer.hikari.pool.PoolBase.newPoolEntry(PoolBase.java:210)
	at com.zaxxer.hikari.pool.HikariPool.createPoolEntry(HikariPool.java:488)
	at com.zaxxer.hikari.pool.HikariPool$PoolEntryCreator.call(HikariPool.java:752)
	at com.zaxxer.hikari.pool.HikariPool$PoolEntryCreator.call(HikariPool.java:731)
	at java.base/java.util.concurrent.FutureTask.run(FutureTask.java:317)
	at java.base/java.util.concurrent.ThreadPoolExecutor.runWorker(ThreadPoolExecutor.java:1144)
	at java.base/java.util.concurrent.ThreadPoolExecutor$Worker.run(ThreadPoolExecutor.java:642)
	at java.base/java.lang.Thread.run(Thread.java:1583)
Caused by: oracle.net.ns.NetException: The Network Adapter could not establish the connection (CONNECTION_ID=oFjLtHo5QoishtfhmjX0OQ==)
	at oracle.net.nt.ConnStrategy.execute(ConnStrategy.java:715)
	at oracle.net.resolver.AddrResolution.resolveAndExecute(AddrResolution.java:584)
	at oracle.net.ns.NSProtocol.establishConnection(NSProtocol.java:964)
	at oracle.net.ns.NSProtocol.connect(NSProtocol.java:350)
	at oracle.jdbc.driver.T4CConnection.connect(T4CConnection.java:2441)
	at oracle.jdbc.driver.T4CConnection.logon(T4CConnection.java:656)
	... 14 common frames omitted
Caused by: java.io.IOException: Connection timed out: connect, socket connect lapse 21042 ms. 10.147.114.11 1521  30000 (1/1) true
	at oracle.net.nt.TcpNTAdapter.establishSocket(TcpNTAdapter.java:425)
	at oracle.net.nt.TcpNTAdapter.doLocalDNSLookupConnect(TcpNTAdapter.java:307)
	at oracle.net.nt.TcpNTAdapter.connect(TcpNTAdapter.java:269)
	at oracle.net.nt.ConnOption.connect(ConnOption.java:230)
	at oracle.net.nt.ConnStrategy.executeConnOption(ConnStrategy.java:1014)
	at oracle.net.nt.ConnStrategy.execute(ConnStrategy.java:673)
	... 19 common frames omitted
Caused by: java.net.ConnectException: Connection timed out: connect
	at java.base/sun.nio.ch.Net.connect0(Native Method)
	at java.base/sun.nio.ch.Net.connect(Net.java:597)
	at java.base/sun.nio.ch.Net.connect(Net.java:604)
	at java.base/sun.nio.ch.SocketChannelImpl.connect(SocketChannelImpl.java:880)
	at java.base/java.nio.channels.SocketChannel.open(SocketChannel.java:285)
	at oracle.net.nt.TimeoutSocketChannel.connect(TimeoutSocketChannel.java:183)
	at oracle.net.nt.TimeoutSocketChannel.<init>(TimeoutSocketChannel.java:157)
	at oracle.net.nt.TcpNTAdapter.establishSocket(TcpNTAdapter.java:384)
	... 24 common frames omitted

2026-01-13T10:12:15.234+07:00  WARN 25672 --- [onnection-adder]  com.zaxxer.hikari.pool.PoolBase          : [] [] [] [] [] [] [] LoyalityManagement-HikariCP - Pool is empty, failed to create/setup connection (f31c8774-017e-4bc3-b5d8-1ec23f9955d1)

java.sql.SQLRecoverableException: IO Error: The Network Adapter could not establish the connection (CONNECTION_ID=BejaD8CdTrO6pNNH7O4Oyw==)
	at oracle.jdbc.driver.T4CConnection.handleLogonNetException(T4CConnection.java:892)
	at oracle.jdbc.driver.T4CConnection.logon(T4CConnection.java:697)
	at oracle.jdbc.driver.PhysicalConnection.connect(PhysicalConnection.java:1047)
	at oracle.jdbc.driver.T4CDriverExtension.getConnection(T4CDriverExtension.java:89)
	at oracle.jdbc.driver.OracleDriver.connect(OracleDriver.java:732)
	at oracle.jdbc.driver.OracleDriver.connect(OracleDriver.java:648)
	at com.zaxxer.hikari.util.DriverDataSource.getConnection(DriverDataSource.java:144)
	at com.zaxxer.hikari.pool.PoolBase.newConnection(PoolBase.java:373)
	at com.zaxxer.hikari.pool.PoolBase.newPoolEntry(PoolBase.java:210)
	at com.zaxxer.hikari.pool.HikariPool.createPoolEntry(HikariPool.java:488)
	at com.zaxxer.hikari.pool.HikariPool$PoolEntryCreator.call(HikariPool.java:752)
	at com.zaxxer.hikari.pool.HikariPool$PoolEntryCreator.call(HikariPool.java:731)
	at java.base/java.util.concurrent.FutureTask.run(FutureTask.java:317)
	at java.base/java.util.concurrent.ThreadPoolExecutor.runWorker(ThreadPoolExecutor.java:1144)
	at java.base/java.util.concurrent.ThreadPoolExecutor$Worker.run(ThreadPoolExecutor.java:642)
	at java.base/java.lang.Thread.run(Thread.java:1583)
Caused by: oracle.net.ns.NetException: The Network Adapter could not establish the connection (CONNECTION_ID=BejaD8CdTrO6pNNH7O4Oyw==)
	at oracle.net.nt.ConnStrategy.execute(ConnStrategy.java:715)
	at oracle.net.resolver.AddrResolution.resolveAndExecute(AddrResolution.java:584)
	at oracle.net.ns.NSProtocol.establishConnection(NSProtocol.java:964)
	at oracle.net.ns.NSProtocol.connect(NSProtocol.java:350)
	at oracle.jdbc.driver.T4CConnection.connect(T4CConnection.java:2441)
	at oracle.jdbc.driver.T4CConnection.logon(T4CConnection.java:656)
	... 14 common frames omitted
Caused by: java.io.IOException: Connection timed out: connect, socket connect lapse 21026 ms. 10.147.114.11 1521  30000 (1/1) true
	at oracle.net.nt.TcpNTAdapter.establishSocket(TcpNTAdapter.java:425)
	at oracle.net.nt.TcpNTAdapter.doLocalDNSLookupConnect(TcpNTAdapter.java:307)
	at oracle.net.nt.TcpNTAdapter.connect(TcpNTAdapter.java:269)
	at oracle.net.nt.ConnOption.connect(ConnOption.java:230)
	at oracle.net.nt.ConnStrategy.executeConnOption(ConnStrategy.java:1014)
	at oracle.net.nt.ConnStrategy.execute(ConnStrategy.java:673)
	... 19 common frames omitted
Caused by: java.net.ConnectException: Connection timed out: connect
	at java.base/sun.nio.ch.Net.connect0(Native Method)
	at java.base/sun.nio.ch.Net.connect(Net.java:597)
	at java.base/sun.nio.ch.Net.connect(Net.java:604)
	at java.base/sun.nio.ch.SocketChannelImpl.connect(SocketChannelImpl.java:880)
	at java.base/java.nio.channels.SocketChannel.open(SocketChannel.java:285)
	at oracle.net.nt.TimeoutSocketChannel.connect(TimeoutSocketChannel.java:183)
	at oracle.net.nt.TimeoutSocketChannel.<init>(TimeoutSocketChannel.java:157)
	at oracle.net.nt.TcpNTAdapter.establishSocket(TcpNTAdapter.java:384)
	... 24 common frames omitted

2026-01-13T10:13:33.431+07:00  WARN 25672 --- [onnection-adder]  com.zaxxer.hikari.pool.PoolBase          : [] [] [] [] [] [] [] LoyalityManagement-HikariCP - Pool is empty, failed to create/setup connection (035a730c-e4b5-443b-a271-4c386e95dca4)

java.sql.SQLRecoverableException: IO Error: The Network Adapter could not establish the connection (CONNECTION_ID=MoU5NnErRvaA8VbVrh7Dkw==)
	at oracle.jdbc.driver.T4CConnection.handleLogonNetException(T4CConnection.java:892)
	at oracle.jdbc.driver.T4CConnection.logon(T4CConnection.java:697)
	at oracle.jdbc.driver.PhysicalConnection.connect(PhysicalConnection.java:1047)
	at oracle.jdbc.driver.T4CDriverExtension.getConnection(T4CDriverExtension.java:89)
	at oracle.jdbc.driver.OracleDriver.connect(OracleDriver.java:732)
	at oracle.jdbc.driver.OracleDriver.connect(OracleDriver.java:648)
	at com.zaxxer.hikari.util.DriverDataSource.getConnection(DriverDataSource.java:144)
	at com.zaxxer.hikari.pool.PoolBase.newConnection(PoolBase.java:373)
	at com.zaxxer.hikari.pool.PoolBase.newPoolEntry(PoolBase.java:210)
	at com.zaxxer.hikari.pool.HikariPool.createPoolEntry(HikariPool.java:488)
	at com.zaxxer.hikari.pool.HikariPool$PoolEntryCreator.call(HikariPool.java:752)
	at com.zaxxer.hikari.pool.HikariPool$PoolEntryCreator.call(HikariPool.java:731)
	at java.base/java.util.concurrent.FutureTask.run(FutureTask.java:317)
	at java.base/java.util.concurrent.ThreadPoolExecutor.runWorker(ThreadPoolExecutor.java:1144)
	at java.base/java.util.concurrent.ThreadPoolExecutor$Worker.run(ThreadPoolExecutor.java:642)
	at java.base/java.lang.Thread.run(Thread.java:1583)
Caused by: oracle.net.ns.NetException: The Network Adapter could not establish the connection (CONNECTION_ID=MoU5NnErRvaA8VbVrh7Dkw==)
	at oracle.net.nt.ConnStrategy.execute(ConnStrategy.java:715)
	at oracle.net.resolver.AddrResolution.resolveAndExecute(AddrResolution.java:584)
	at oracle.net.ns.NSProtocol.establishConnection(NSProtocol.java:964)
	at oracle.net.ns.NSProtocol.connect(NSProtocol.java:350)
	at oracle.jdbc.driver.T4CConnection.connect(T4CConnection.java:2441)
	at oracle.jdbc.driver.T4CConnection.logon(T4CConnection.java:656)
	... 14 common frames omitted
Caused by: java.io.IOException: Connection timed out: connect, socket connect lapse 21035 ms. 10.147.114.11 1521  30000 (1/1) true
	at oracle.net.nt.TcpNTAdapter.establishSocket(TcpNTAdapter.java:425)
	at oracle.net.nt.TcpNTAdapter.doLocalDNSLookupConnect(TcpNTAdapter.java:307)
	at oracle.net.nt.TcpNTAdapter.connect(TcpNTAdapter.java:269)
	at oracle.net.nt.ConnOption.connect(ConnOption.java:230)
	at oracle.net.nt.ConnStrategy.executeConnOption(ConnStrategy.java:1014)
	at oracle.net.nt.ConnStrategy.execute(ConnStrategy.java:673)
	... 19 common frames omitted
Caused by: java.net.ConnectException: Connection timed out: connect
	at java.base/sun.nio.ch.Net.connect0(Native Method)
	at java.base/sun.nio.ch.Net.connect(Net.java:597)
	at java.base/sun.nio.ch.Net.connect(Net.java:604)
	at java.base/sun.nio.ch.SocketChannelImpl.connect(SocketChannelImpl.java:880)
	at java.base/java.nio.channels.SocketChannel.open(SocketChannel.java:285)
	at oracle.net.nt.TimeoutSocketChannel.connect(TimeoutSocketChannel.java:183)
	at oracle.net.nt.TimeoutSocketChannel.<init>(TimeoutSocketChannel.java:157)
	at oracle.net.nt.TcpNTAdapter.establishSocket(TcpNTAdapter.java:384)
	... 24 common frames omitted

2026-01-13T10:14:51.587+07:00  WARN 25672 --- [onnection-adder]  com.zaxxer.hikari.pool.PoolBase          : [] [] [] [] [] [] [] LoyalityManagement-HikariCP - Pool is empty, failed to create/setup connection (90ffe667-f28e-4f51-9a2a-5befa6bf3196)

java.sql.SQLRecoverableException: IO Error: The Network Adapter could not establish the connection (CONNECTION_ID=n5x/4WfwQS65upcBFkifcg==)
	at oracle.jdbc.driver.T4CConnection.handleLogonNetException(T4CConnection.java:892)
	at oracle.jdbc.driver.T4CConnection.logon(T4CConnection.java:697)
	at oracle.jdbc.driver.PhysicalConnection.connect(PhysicalConnection.java:1047)
	at oracle.jdbc.driver.T4CDriverExtension.getConnection(T4CDriverExtension.java:89)
	at oracle.jdbc.driver.OracleDriver.connect(OracleDriver.java:732)
	at oracle.jdbc.driver.OracleDriver.connect(OracleDriver.java:648)
	at com.zaxxer.hikari.util.DriverDataSource.getConnection(DriverDataSource.java:144)
	at com.zaxxer.hikari.pool.PoolBase.newConnection(PoolBase.java:373)
	at com.zaxxer.hikari.pool.PoolBase.newPoolEntry(PoolBase.java:210)
	at com.zaxxer.hikari.pool.HikariPool.createPoolEntry(HikariPool.java:488)
	at com.zaxxer.hikari.pool.HikariPool$PoolEntryCreator.call(HikariPool.java:752)
	at com.zaxxer.hikari.pool.HikariPool$PoolEntryCreator.call(HikariPool.java:731)
	at java.base/java.util.concurrent.FutureTask.run(FutureTask.java:317)
	at java.base/java.util.concurrent.ThreadPoolExecutor.runWorker(ThreadPoolExecutor.java:1144)
	at java.base/java.util.concurrent.ThreadPoolExecutor$Worker.run(ThreadPoolExecutor.java:642)
	at java.base/java.lang.Thread.run(Thread.java:1583)
Caused by: oracle.net.ns.NetException: The Network Adapter could not establish the connection (CONNECTION_ID=n5x/4WfwQS65upcBFkifcg==)
	at oracle.net.nt.ConnStrategy.execute(ConnStrategy.java:715)
	at oracle.net.resolver.AddrResolution.resolveAndExecute(AddrResolution.java:584)
	at oracle.net.ns.NSProtocol.establishConnection(NSProtocol.java:964)
	at oracle.net.ns.NSProtocol.connect(NSProtocol.java:350)
	at oracle.jdbc.driver.T4CConnection.connect(T4CConnection.java:2441)
	at oracle.jdbc.driver.T4CConnection.logon(T4CConnection.java:656)
	... 14 common frames omitted
Caused by: java.io.IOException: Connection timed out: connect, socket connect lapse 21046 ms. 10.147.114.11 1521  30000 (1/1) true
	at oracle.net.nt.TcpNTAdapter.establishSocket(TcpNTAdapter.java:425)
	at oracle.net.nt.TcpNTAdapter.doLocalDNSLookupConnect(TcpNTAdapter.java:307)
	at oracle.net.nt.TcpNTAdapter.connect(TcpNTAdapter.java:269)
	at oracle.net.nt.ConnOption.connect(ConnOption.java:230)
	at oracle.net.nt.ConnStrategy.executeConnOption(ConnStrategy.java:1014)
	at oracle.net.nt.ConnStrategy.execute(ConnStrategy.java:673)
	... 19 common frames omitted
Caused by: java.net.ConnectException: Connection timed out: connect
	at java.base/sun.nio.ch.Net.connect0(Native Method)
	at java.base/sun.nio.ch.Net.connect(Net.java:597)
	at java.base/sun.nio.ch.Net.connect(Net.java:604)
	at java.base/sun.nio.ch.SocketChannelImpl.connect(SocketChannelImpl.java:880)
	at java.base/java.nio.channels.SocketChannel.open(SocketChannel.java:285)
	at oracle.net.nt.TimeoutSocketChannel.connect(TimeoutSocketChannel.java:183)
	at oracle.net.nt.TimeoutSocketChannel.<init>(TimeoutSocketChannel.java:157)
	at oracle.net.nt.TcpNTAdapter.establishSocket(TcpNTAdapter.java:384)
	... 24 common frames omitted

2026-01-13T10:16:09.755+07:00  WARN 25672 --- [onnection-adder]  com.zaxxer.hikari.pool.PoolBase          : [] [] [] [] [] [] [] LoyalityManagement-HikariCP - Pool is empty, failed to create/setup connection (af794964-2856-48f0-8ce9-cb933fdfa6d8)

java.sql.SQLRecoverableException: IO Error: The Network Adapter could not establish the connection (CONNECTION_ID=NHYZuceDQTGz8shPxtdcRw==)
	at oracle.jdbc.driver.T4CConnection.handleLogonNetException(T4CConnection.java:892)
	at oracle.jdbc.driver.T4CConnection.logon(T4CConnection.java:697)
	at oracle.jdbc.driver.PhysicalConnection.connect(PhysicalConnection.java:1047)
	at oracle.jdbc.driver.T4CDriverExtension.getConnection(T4CDriverExtension.java:89)
	at oracle.jdbc.driver.OracleDriver.connect(OracleDriver.java:732)
	at oracle.jdbc.driver.OracleDriver.connect(OracleDriver.java:648)
	at com.zaxxer.hikari.util.DriverDataSource.getConnection(DriverDataSource.java:144)
	at com.zaxxer.hikari.pool.PoolBase.newConnection(PoolBase.java:373)
	at com.zaxxer.hikari.pool.PoolBase.newPoolEntry(PoolBase.java:210)
	at com.zaxxer.hikari.pool.HikariPool.createPoolEntry(HikariPool.java:488)
	at com.zaxxer.hikari.pool.HikariPool$PoolEntryCreator.call(HikariPool.java:752)
	at com.zaxxer.hikari.pool.HikariPool$PoolEntryCreator.call(HikariPool.java:731)
	at java.base/java.util.concurrent.FutureTask.run(FutureTask.java:317)
	at java.base/java.util.concurrent.ThreadPoolExecutor.runWorker(ThreadPoolExecutor.java:1144)
	at java.base/java.util.concurrent.ThreadPoolExecutor$Worker.run(ThreadPoolExecutor.java:642)
	at java.base/java.lang.Thread.run(Thread.java:1583)
Caused by: oracle.net.ns.NetException: The Network Adapter could not establish the connection (CONNECTION_ID=NHYZuceDQTGz8shPxtdcRw==)
	at oracle.net.nt.ConnStrategy.execute(ConnStrategy.java:715)
	at oracle.net.resolver.AddrResolution.resolveAndExecute(AddrResolution.java:584)
	at oracle.net.ns.NSProtocol.establishConnection(NSProtocol.java:964)
	at oracle.net.ns.NSProtocol.connect(NSProtocol.java:350)
	at oracle.jdbc.driver.T4CConnection.connect(T4CConnection.java:2441)
	at oracle.jdbc.driver.T4CConnection.logon(T4CConnection.java:656)
	... 14 common frames omitted
Caused by: java.io.IOException: Connection timed out: connect, socket connect lapse 21039 ms. 10.147.114.11 1521  30000 (1/1) true
	at oracle.net.nt.TcpNTAdapter.establishSocket(TcpNTAdapter.java:425)
	at oracle.net.nt.TcpNTAdapter.doLocalDNSLookupConnect(TcpNTAdapter.java:307)
	at oracle.net.nt.TcpNTAdapter.connect(TcpNTAdapter.java:269)
	at oracle.net.nt.ConnOption.connect(ConnOption.java:230)
	at oracle.net.nt.ConnStrategy.executeConnOption(ConnStrategy.java:1014)
	at oracle.net.nt.ConnStrategy.execute(ConnStrategy.java:673)
	... 19 common frames omitted
Caused by: java.net.ConnectException: Connection timed out: connect
	at java.base/sun.nio.ch.Net.connect0(Native Method)
	at java.base/sun.nio.ch.Net.connect(Net.java:597)
	at java.base/sun.nio.ch.Net.connect(Net.java:604)
	at java.base/sun.nio.ch.SocketChannelImpl.connect(SocketChannelImpl.java:880)
	at java.base/java.nio.channels.SocketChannel.open(SocketChannel.java:285)
	at oracle.net.nt.TimeoutSocketChannel.connect(TimeoutSocketChannel.java:183)
	at oracle.net.nt.TimeoutSocketChannel.<init>(TimeoutSocketChannel.java:157)
	at oracle.net.nt.TcpNTAdapter.establishSocket(TcpNTAdapter.java:384)
	... 24 common frames omitted

2026-01-13T12:51:37.518+07:00  INFO 25672 --- [ionShutdownHook]  o.s.boot.tomcat.GracefulShutdown         : [] [] [] [] [] [] [] Commencing graceful shutdown. Waiting for active requests to complete
2026-01-13T12:51:37.538+07:00  INFO 25672 --- [tomcat-shutdown]  o.s.boot.tomcat.GracefulShutdown         : [] [] [] [] [] [] [] Graceful shutdown complete
2026-01-13T12:51:37.561+07:00  INFO 25672 --- [ionShutdownHook]  j.LocalContainerEntityManagerFactoryBean : [] [] [] [] [] [] [] Closing JPA EntityManagerFactory for persistence unit 'default'
2026-01-13T12:51:37.578+07:00  INFO 25672 --- [ionShutdownHook]  com.zaxxer.hikari.HikariDataSource       : [] [] [] [] [] [] [] LoyalityManagement-HikariCP - Shutdown initiated...
2026-01-13T12:51:37.628+07:00  INFO 25672 --- [ionShutdownHook]  com.zaxxer.hikari.HikariDataSource       : [] [] [] [] [] [] [] LoyalityManagement-HikariCP - Shutdown completed.
